de;5075;pre
être;3374;aux
la;2960;art_def
le;2692;art_def
avoir;2375;aux
les;2362;art_def
l;2224;art_def
et;2106;con
à;2069;pre
ne;1877;adv_sup
il;1823;pro_per
un;1688;art_ind
que;1676;pro_rel
des;1644;art_ind
qui;1554;pro_rel
d;1476;pre
en;1222;pre
je;1117;pro_per
qu;1072;con
dans;1066;pre
on;968;pro_per
plus;941;adv_sup
une;916;art_ind
vous;881;pro_per
du;859;art_def
ce;840;pro_dem
faire;820;ver_sup
nous;749;pro_per
pour;715;pre
dire;714;ver_sup
se;623;pro_per
pas;599;adv_sup
s;575;pro_per
son;571;adj_pos
ils;560;pro_per
au;554;art_def
sur;539;pre
mais;512;con
homme;497;nom
tout;469;pro_ind
lui;466;pro_per
par;458;pre
ces;455;adj_dem
leur;441;pro_per
voir;439;ver
me;430;pro_per
ses;426;adj_pos
si;421;con
y;406;pro_per
avec;401;pre
cette;394;adj_dem
c;390;pro_dem
elle;385;pro_per
candide;373;adj
sa;367;adj_pos
j;362;pro_per
pouvoir;361;ver_sup
comme;349;con
bien;337;nom_sup
point;336;nom_sup
leurs;304;adj_pos
tous;303;pro_ind
mon;273;adj_pos
grand;263;adj
où;252;pro_rel
sans;241;pre
aux;238;art_def
m;231;pro_per
deux;223;adj_num
ou;222;con
donner;213;ver
même;210;pro_ind
devoir;200;ver_sup
aller;190;ver
votre;182;adj_pos
dont;176;pro_rel
trouver;168;ver
toutes;166;pro_ind
savoir;166;ver_sup
autre;165;pro_ind
jour;160;nom
vouloir;157;ver_sup
nos;157;adj_pos
mettre;155;ver
encore;155;adv_sup
oeil;153;nom
ni;153;con
beau;153;adj
temps;152;nom
bon;149;adj_sup
venir;148;ver
moi;146;pro_per
toujours;144;adv_sup
notre;144;adj_pos
dieu;143;nom
jamais;140;adv_sup
coeur;140;nom
roi;137;nom
toute;133;adj_ind
rien;132;nom_sup
monde;132;nom
falloir;131;ver_sup
aussi;131;adv_sup
prendre;129;ver
elles;127;pro_per
autres;126;pro_ind
peuple;125;nom
cunégonde;125;nr
cet;124;adj_dem
répondre;123;ver
main;122;nom
âme;121;nom
parler;119;ver
sous;118;pre
nature;115;nom
vérité;114;nom
tant;114;adv_sup
peu;112;nom_sup
ainsi;112;adv_sup
rendre;111;ver
martin;110;nom
après;110;pre
croire;109;ver_sup
quelques;108;adj_ind
moins;108;adv_sup
car;108;con
ma;107;adj_pos
terre;105;nom
quand;104;con
vos;103;adj_pos
passer;103;ver
fort;103;adj_sup
mort;102;nom
chaque;102;adj_ind
état;101;nom
vie;101;nom
femme;101;nom
petit;99;adj
pangloss;98;nr
docteur;98;nom
ville;97;nom
siècle;97;nom
devenir;97;ver
loi;96;nom
enfin;96;adv_sup
chose;94;nom
parce_que;93;con
mille;93;nom_sup
donc;93;con
esprit;91;nom
quel;90;adj_int
monsieur;90;nom_sup
comment;90;con
tête;89;nom
très;89;adv_sup
trois;89;adj_num
là;89;ono
premier;88;adj
rester;87;ver
public;87;adj
ceux;87;pro_dem
porte;86;nom
fois;86;nom
livre;85;nom
cacambo;85;nr
vers;84;pre
seul;84;adj
quelque;83;adj_ind
eux;83;pro_per
sentir;82;ver
chapitre;82;nom
ici;81;adv_sup
gens;81;nom
aimer;81;ver
plusieurs;80;adj_ind
maître;80;nom
vieux;79;adj
pied;78;nom
paraître;78;ver
mes;78;adj_pos
chez;78;pre
enfant;77;nom
arriver;77;ver
servir;76;ver
père;76;nom
perdre;76;ver
entendre;75;ver
sortir;74;ver
idée;74;nom
coup;74;nom
voix;73;nom
recevoir;73;ver
demander;73;ver
porter;72;ver
nation;72;nom
celui;72;pro_dem
vertu;71;nom
penser;71;ver
humain;71;adj
heureux;71;adj
art;71;nom
mal;70;nom_sup
alors;69;adv_sup
personne;68;pro_ind
peine;68;nom
lieu;68;nom
raison;67;nom
pays;67;nom
tomber;66;ver
t;66;pro_per
présenter;66;ver
connaître;66;ver
cela;66;pro_dem
quoi;65;pro_rel
entrer;65;ver
entre;65;pre
étranger;64;adj
plaisir;64;nom
nouveau;64;adj
non;64;pro_per
mieux;64;adv_sup
apercevoir;64;ver
mot;63;nom
contre;63;pre
assez;63;adv_sup
cher;62;adj
reprendre;61;ver
paria;61;nom
nom;61;nom
chacun;61;pro_ind
voilà;60;pre
pendant;60;pre
auteur;60;nom
trop;59;adv_sup
tenir;59;ver
regarder;59;ver
dès;59;pre
vivre;58;ver
sembler;58;ver
place;58;nom
parmi;58;pre
citoyen;58;nom
air;58;nom
long;57;adj
jeune;57;adj
doux;57;adj
beaucoup;57;adv_sup
former;56;ver
ami;56;nom
force;55;nom
corps;55;nom
baron;55;nom
prince;54;nom
manger;54;ver
laisser;54;ver
ciel;54;nom
celle;54;pro_dem
ancien;54;adj
quelle;53;adj_int
particulier;52;adj
ouvrage;52;nom
malheureux;52;adj
maison;52;nom
lire;52;ver
génie;52;nom
chercher;52;ver
vaisseau;51;nom
simple;51;adj
jeter;51;ver
depuis;51;pre
côté;51;nom
marcher;50;ver
loin;50;adv_sup
espèce;50;nom
cent;50;adj_num
bonheur;50;nom
apprendre;50;ver
vrai;49;adj
tu;49;pro_per
soleil;49;nom
or;49;con
naître;49;ver
mourir;49;ver
frère;49;nom
doute;49;nom
écrire;48;ver
utile;48;adj
cependant;48;con
ton;47;nom_sup
suivre;47;ver
monarque;47;nom
lui_même;47;pro_per
lorsqu;47;con
couvrir;47;ver
attendre;47;ver
mademoiselle;46;nom
jusqu_à;46;pre
effet;46;nom
ah;46;ono
tuer;45;ver
trône;45;nom
honneur;45;nom
fille;45;nom
droit;45;nom
sage;44;adj
pourquoi;44;con
ordre;44;nom
moment;44;nom
lorsque;44;con
souverain;43;nom
grâce;43;nom
besoin;43;nom
année;43;nom
amour;43;nom
âge;42;nom
table;42;nom
revenir;42;ver
propre;42;adj
pauvre;42;adj
ouvrir;42;ver
oser;42;ver
nuit;42;nom
milieu;42;nom
humanité;42;nom
heure;42;nom
autant;42;adv_sup
an;42;nom_sup
regard;41;nom
quatre;41;adj_num
presque;41;adv_sup
palais;41;nom
monter;41;ver
histoire;41;nom
déjà;41;ono
bramer;41;ver
approcher;41;ver
pur;40;adj
gloire;40;nom
exemple;40;nom
charger;40;ver
vaste;39;adj
tour;39;nom
savant;39;nom
mère;39;nom
meilleur;39;adj
justice;39;nom
haut;39;adj
général;39;nom
devant;39;pre
château;39;nom
partir;38;ver
mériter;38;ver
liberté;38;nom
larme;38;nom
langue;38;nom
frapper;38;ver
élever;37;ver
soin;37;nom
royaume;37;nom
remplir;37;ver
question;37;nom
payer;37;ver
mener;37;ver
lever;37;ver
juste;37;adj_sup
jouer;37;ver
aucun;37;adj_ind
arrêter;37;ver
anglais;37;nom
sujet;36;nom
six;36;adj_num
partie;36;nom
mauvais;36;adj
manière;36;nom
lettre;36;nom
jésuite;36;nom
découvrir;36;ver
dernier;36;adj
brûler;36;ver
bras;36;nom
arbre;36;nom
travail;35;nom
sentiment;35;nom
rencontrer;35;ver
profond;35;adj
plein;35;adj
oui;35;adv_sup
lumière;35;nom
goût;35;nom
garder;35;ver
foule;35;nom
fils;35;nom
appeler;35;ver
ailleurs;35;adv_sup
traiter;34;ver
science;34;nom
salle;34;nom
présent;34;adj
plaire;34;ver
permettre;34;ver
patrie;34;nom
objet;34;nom
mer;34;nom
malheur;34;nom
auguste;34;adj
argent;34;nom
écrier;33;ver
tel;33;adj_ind
souvent;33;adv_sup
régner;33;ver
pièce;33;nom
passion;33;nom
parole;33;nom
offrir;33;ver
nombre;33;nom
moyen;33;nom
longtemps;33;adv_sup
crime;33;nom
cri;33;nom
courir;33;ver
chef;33;nom
cause;33;nom
caractère;33;nom
ô;32;ono
élevé;32;adj
vingt;32;adj_num
tableau;32;nom
sang;32;nom
quelquefois;32;adv_sup
pensée;32;nom
pari;32;nom
orgueil;32;nom
oh;32;ono
montrer;32;ver
misérable;32;adj
guerre;32;nom
front;32;nom
fond;32;nom
feu;32;nom
cruel;32;adj
commun;32;adj
bientôt;32;adv
avouer;32;ver
étendre;31;ver
valoir;31;ver
usage;31;nom
spectacle;31;nom
reconnaître;31;ver
mouton;31;nom
juger;31;ver
joie;31;nom
ensuite;31;adv_sup
embrasser;31;ver
eh;31;ono
digne;31;adj
conserver;31;ver
aujourd_hui;31;adv_sup
écrivain;30;nom
triste;30;adj
société;30;nom
secret;30;nom
pleurer;30;ver
oreille;30;nom
intérêt;30;nom
inde;30;nom
connaissance;30;nom
bulgare;30;adj
éternel;29;adj
écouter;29;ver
univers;29;nom
philosophe;29;nom
part;29;nom
noir;29;adj
noble;29;adj
naturel;29;adj
jouir;29;ver
gros;29;adj
gouvernement;29;nom
europe;29;nr
esclave;29;nom
empire;29;nom
descendre;29;ver
dangereux;29;adj
crier;29;ver
composer;29;ver
bas;29;adj
abbé;29;nom
étonner;28;ver
voler;28;ver
venise;28;nom
tirer;28;ver
soutenir;28;ver
quoique;28;con
plutôt;28;adv
nommer;28;ver
mêmes;28;pro_ind
hélas;28;ono
grandeur;28;nom
faible;28;adj
coupable;28;adj
cacher;28;ver
bruit;28;nom
barbare;28;nom
abandonner;28;ver
voisin;27;nom
trait;27;nom
suivant;27;adj
souper;27;nom
soeur;27;nom
seulement;27;adv
saisir;27;ver
rouge;27;adj
puis;27;con
produire;27;ver
manquer;27;ver
indien;27;nom
horrible;27;adj
douleur;27;nom
diamant;27;nom
craindre;27;ver
conduire;27;ver
brillant;27;adj
avancer;27;ver
aucune;27;adj_ind
asseoir;27;ver
adorer;27;ver
académie;27;nom
sorte;26;nom
silence;26;nom
sein;26;nom
sacré;26;adj
rire;26;ver
prier;26;ver
possible;26;adj
peut_être;26;adv_sup
moeurs;26;nom
lit;26;nom
libre;26;adj
instant;26;nom
fin;26;nom
ensemble;26;adv
dix;26;adj_num
commettre;26;ver
bout;26;nom
vivant;25;adj
vieillard;25;nom
titre;25;nom
surtout;25;adv_sup
saint;25;adj
royal;25;adj
puisque;25;con
près;25;pre
province;25;nom
physique;25;adj
moindre;25;adj_sup
juge;25;nom
jardin;25;nom
horreur;25;nom
dévorer;25;ver
blanc;25;adj
avant;25;pre
universel;24;adj
tantôt;24;adv
tandis_que;24;con
sublime;24;adj
majesté;24;nom
famille;24;nom
extrême;24;adj
continuer;24;ver
boire;24;ver
assemblée;24;nom
appartenir;24;ver
animal;24;adj
affreux;24;adj
égal;23;adj
vertueux;23;adj
vendre;23;ver
tromper;23;ver
temple;23;nom
sensible;23;adj
seigneur;23;nom
répandre;23;ver
remarquer;23;ver
religion;23;nom
poète;23;nom
pendre;23;ver
morale;23;nom
lequel;23;pro_rel
genre;23;nom
fruit;23;nom
français;23;nom
forme;23;nom
environner;23;ver
entier;23;adj
discours;23;nom
degré;23;nom
dame;23;nom
cinq;23;adj_num
cents;23;adj_num
bois;23;nom
aussitôt;23;adv
assurer;23;ver
éloigner;22;ver
toucher;22;ver
source;22;nom
ridicule;22;adj
riche;22;adj
respect;22;nom
quartier;22;nom
précieux;22;adj
partout;22;adv_sup
oublier;22;ver
occuper;22;ver
matière;22;nom
luxe;22;nom
juif;22;adj
inquisiteur;22;adj
immense;22;adj
image;22;nom
honnête;22;adj
guide;22;nom
froid;22;adj
défendre;22;ver
d_abord;22;adv_sup
couleur;22;nom
changer;22;ver
capitaine;22;nom
apporter;22;ver
afin;22;adv_sup
affaire;22;nom
étonnant;21;adj
épouser;21;ver
travailler;21;ver
tragédie;21;nom
théâtre;21;nom
terrible;21;adj
suite;21;nom
songer;21;ver
rue;21;nom
représenter;21;ver
rang;21;nom
présence;21;nom
principe;21;nom
politique;21;nom
partager;21;ver
nécessaire;21;adj
livrer;21;ver
inspirer;21;ver
infortuné;21;adj
imprimer;21;ver
habitant;21;nom
gagner;21;ver
funeste;21;adj
france;21;nr
fortune;21;nom
figure;21;nom
fameux;21;adj
erreur;21;nom
envoyer;21;ver
emporter;21;ver
eau;21;nom
don;21;nom
courage;21;nom
chemin;21;nom
campagne;21;nom
aventure;21;nom
attacher;21;ver
annoncer;21;ver
angleterre;21;nom
éclairer;20;ver
échapper;20;ver
véritable;20;adj
visage;20;nom
verser;20;ver
tendre;20;ver
soldat;20;nom
secours;20;nom
remettre;20;ver
raisonner;20;ver
perfection;20;nom
pareil;20;adj
monument;20;nom
misère;20;nom
maladie;20;nom
laquelle;20;pro_rel
honte;20;nom
honorer;20;ver
fureur;20;nom
fleur;20;nom
fermer;20;ver
faiblesse;20;nom
espagnol;20;nom
enseigner;20;ver
empereur;20;nom
effort;20;nom
détruire;20;ver
disputer;20;ver
curieux;20;adj
crainte;20;nom
couronner;20;ver
contraire;20;nom
commencer;20;ver
cheval;20;nom
agir;20;ver
admirer;20;ver
action;20;nom
éprouver;19;ver
voyage;19;nom
toi;19;pro_per
ta;19;adj_pos
souffrir;19;ver
route;19;nom
pénétrer;19;ver
prêt;19;adj
prouver;19;ver
pierre;19;nom
mémoire;19;nom
médecin;19;nom
mois;19;nom
important;19;adj
flambeau;19;nom
fer;19;nom
faux;19;adj
dîner;19;nom
découverte;19;nom
créateur;19;nom
couper;19;ver
commerce;19;nom
chasser;19;ver
capitale;19;nom
bâtir;19;ver
beauté;19;nom
abuser;19;ver
éclairé;18;adj
vil;18;adj
tyran;18;nom
touchant;18;adj
telle;18;adj_ind
te;18;pro_per
surprise;18;nom
statue;18;nom
salutaire;18;adj
robe;18;nom
retourner;18;ver
punir;18;ver
prêtre;18;nom
promener;18;ver
prix;18;nom
plupart;18;adv_sup
peindre;18;ver
patron;18;nom
ombre;18;nom
obliger;18;ver
nouvelle;18;adj
moral;18;adj
moitié;18;nom
million;18;nom_sup
jagrenat;18;nr
imaginer;18;ver
héros;18;nom
généreux;18;adj
fuir;18;ver
françois;18;nr
fait;18;nom
faim;18;nom
différent;18;adj
concevoir;18;ver
cendre;18;nom
celles;18;pro_dem
ajouter;18;ver
voile;17;nom
vin;17;nom
village;17;nom
valet;17;nom
vain;17;adj
uns;17;pro_ind
tombeau;17;nom
sourire;17;ver
soumettre;17;ver
sauver;17;ver
ruine;17;nom
richesse;17;nom
respecter;17;ver
rentrer;17;ver
prétendre;17;ver
préparer;17;ver
préjugé;17;nom
prison;17;nom
perfectionner;17;ver
parcourir;17;ver
paqueter;17;ver
pagode;17;nom
nourrir;17;ver
mêler;17;ver
multitude;17;nom
mouvement;17;nom
monseigneur;17;nom_sup
moi_même;17;pro_per
ministre;17;nom
marché;17;nom
lendemain;17;nom_sup
jaloux;17;adj
guérir;17;ver
fonder;17;ver
fidèle;17;adj
entourer;17;ver
ennemi;17;nom
cours;17;nom
coucher;17;ver
considérer;17;ver
combien;17;adv_sup
bord;17;nom
bonté;17;nom
autour;17;adv_sup
antique;17;adj
agréable;17;adj
achever;17;ver
accompagner;17;ver
étendue;16;nom
épouvantable;16;adj
élancer;16;ver
éclat;16;nom
volume;16;nom
vice;16;nom
trésor;16;nom
tourner;16;ver
talent;16;nom
santé;16;nom
rougir;16;ver
rome;16;nr
retrouver;16;ver
retirer;16;ver
ressembler;16;ver
reposer;16;ver
proposer;16;ver
prononcer;16;ver
poids;16;nom
placer;16;ver
nu;16;adj
musique;16;nom
monstre;16;nom
marque;16;nom
joli;16;adj
globe;16;nom
forcer;16;ver
faveur;16;nom
face;16;nom
exposer;16;ver
exercer;16;ver
entretenir;16;ver
dur;16;adj
douze;16;adj_num
demeurer;16;ver
curiosité;16;nom
criminel;16;nom
cabinet;16;nom
barrière;16;nom
baiser;16;ver
auprès_de;16;nr
attention;16;nom
arme;16;nom
allumer;16;ver
acteur;16;nom
académicien;16;nom
élève;15;nom
édifice;15;nom
trembler;15;ver
travers;15;nom
superbe;15;adj
sottise;15;nom
sommeil;15;nom
soir;15;nom
satisfaire;15;ver
répéter;15;ver
réponse;15;nom
respectable;15;adj
refuser;15;ver
rassembler;15;ver
rage;15;nom
quitter;15;ver
projet;15;nom
pococurante;15;nr
piastre;15;nom
paix;15;nom
oeuvre;15;nom
neuf;15;adj
montagne;15;nom
marchand;15;nom
madame;15;nom_sup
léger;15;adj
jambe;15;nom
jadis;15;adv_sup
intelligence;15;nom
inconnu;15;nom
hors;15;pre
espérer;15;ver
empêcher;15;ver
emploi;15;nom
davantage;15;adv_sup
couronne;15;nom
couler;15;ver
contempler;15;ver
consulter;15;ver
constantinople;15;nr
condamner;15;ver
combattre;15;ver
cas;15;nom
bizarre;15;adj
bel;15;adj
battre;15;ver
auprès;15;pre
arracher;15;ver
amener;15;ver
aise;15;nom
acheter;15;ver
également;14;adv
écraser;14;ver
vif;14;adj
troupe;14;nom
trente;14;adj_num
terreur;14;nom
terme;14;nom
séparer;14;ver
suffire;14;ver
souvenir;14;ver
signe;14;nom
scène;14;nom
sagesse;14;nom
révérend;14;nom
réunir;14;ver
réflexion;14;nom
réel;14;adj
revoir;14;ver
renfermer;14;ver
rare;14;adj
puissance;14;nom
prévenir;14;ver
providence;14;nom
propos;14;nom
plaindre;14;ver
pitié;14;nom
philosophie;14;nom
pain;14;nom
opinion;14;nom
obscur;14;adj
mépris;14;nom
méchant;14;adj
marbre;14;nom
malgré;14;pre
malade;14;nom
louis;14;nom
lier;14;ver
jusqu;14;pre
jeu;14;nom
italie;14;nr
infini;14;adj
hôte;14;nom
habiter;14;ver
habit;14;nom
gouverneur;14;nom
flatter;14;ver
faute;14;nom
fatiguer;14;ver
estimer;14;ver
embarquer;14;ver
désir;14;nom
douceur;14;nom
disposer;14;ver
disparaître;14;ver
derrière;14;pre
corneille;14;nom
conversation;14;nom
contenir;14;ver
coin;14;nom
civil;14;adj
champ;14;nom
causer;14;ver
cabane;14;nom
bannir;14;ver
avantage;14;nom
attirer;14;ver
appartement;14;nom
admirable;14;adj
abus;14;nom
absolument;14;adv
île;13;nom
vengeance;13;nom
veiller;13;ver
tyrannie;13;nom
turc;13;nom
tronc;13;nom
troisième;13;adj
tribut;13;nom
traîner;13;ver
tels;13;adj_ind
système;13;nom
suprême;13;adj
sommet;13;nom
semblable;13;adj
selon;13;pre
salon;13;nom
saient;13;nr
répliquer;13;ver
rencontre;13;nom
rayon;13;nom
puissant;13;adj
postérité;13;nom
portrait;13;nom
plume;13;nom
plonger;13;ver
patience;13;nom
oiseau;13;nom
observer;13;ver
métier;13;nom
mépriser;13;ver
morceau;13;nom
magnifique;13;adj
louer;13;ver
instruire;13;ver
grossier;13;adj
graver;13;ver
gange;13;nr
fleuve;13;nom
expérience;13;nom
exprimer;13;ver
expliquer;13;ver
elle_même;13;pro_per
eldorado;13;nom
détail;13;nom
dormir;13;ver
domestique;13;nom
distinguer;13;ver
dignité;13;nom
différents;13;adj_ind
destiner;13;ver
créer;13;ver
convenir;13;ver
compter;13;ver
compte;13;nom
colonne;13;nom
cinquante;13;adj_num
chien;13;nom
chapeau;13;nom
chanter;13;ver
cesse;13;nom
celui_ci;13;pro_dem
buenos;13;nr
ayres;13;nr
animer;13;ver
amuser;13;ver
époux;12;nom
voyageur;12;nom
voici;12;pre
voeu;12;nom
traverser;12;ver
séjour;12;nom
surprendre;12;ver
supplice;12;nom
superstition;12;nom
sot;12;nom
solitaire;12;adj
sept;12;adj_num
réduire;12;ver
récompense;12;nom
rival;12;nom
revêtir;12;ver
renverser;12;ver
remercier;12;ver
recueillir;12;ver
rapporter;12;ver
prodigieux;12;adj
poursuivre;12;ver
poison;12;nom
plat;12;adj
passager;12;nom
passage;12;nom
parent;12;nom
ordonner;12;ver
opéra;12;nom
officier;12;nom
obtenir;12;ver
multiplier;12;ver
mortel;12;adj
merveilleux;12;adj
majestueux;12;adj
magnificence;12;nom
magistrat;12;nom
inutile;12;adj
innocent;12;adj
humeur;12;nom
huit;12;adj_num
glaive;12;nom
frais;12;adj
finir;12;ver
espérance;12;nom
envie;12;nom
effacer;12;ver
droite;12;nom
difficile;12;adj
daigner;12;ver
cour;12;nom
consoler;12;ver
consacrer;12;ver
compagnie;12;nom
communiquer;12;ver
commandant;12;nom
charme;12;nom
canon;12;nom
cadavre;12;nom
but;12;nom
briser;12;ver
briller;12;ver
bouche;12;nom
borne;12;nom
autrefois;12;pro_ind
aspect;12;nom
appliquer;12;ver
allemand;12;adj
ôter;11;ver
éteindre;11;ver
établir;11;ver
épargner;11;ver
volonté;11;nom
voiture;11;nom
violer;11;ver
veille;11;nom
unir;11;ver
tronckh;11;nr
transporter;11;ver
transport;11;nom
thunder;11;nr
ten;11;nr
sûr;11;adj
sénat;11;nom
sucre;11;nom
st;11;nr
sol;11;nom
révolution;11;nom
rocher;11;nom
repas;11;nom
relever;11;ver
racine;11;nom
race;11;nom
quoiqu;11;nr
quelqu_un;11;pro_ind
périgourdin;11;adj
prélat;11;nom
prodige;11;nom
prière;11;nom
posséder;11;ver
plante;11;nom
physionomie;11;nom
peur;11;nom
percer;11;ver
parfaitement;11;adv
parer;11;ver
pardon;11;ono
outre;11;pre
ornement;11;nom
orateur;11;nom
nègre;11;nom
nombreux;11;adj
moine;11;nom
mine;11;nom
merveille;11;nom
masse;11;nom
lieue;11;nom
lesquels;11;pro_rel
large;11;adj
jusqu_au;11;pre
inviter;11;ver
intéresser;11;ver
instrument;11;nom
informer;11;ver
industrie;11;nom
imposer;11;ver
ignorance;11;nom
hollandais;11;nom
habile;11;adj
goûter;11;ver
gouverner;11;ver
genou;11;nom
gauche;11;nom
funèbre;11;adj
fou;11;adj
forêt;11;nom
foi;11;nom
fléau;11;nom
flamme;11;nom
fier;11;adj
feuille;11;nom
facile;11;adj
exécuter;11;ver
excellent;11;adj
espagne;11;nr
esclavage;11;nom
environ;11;nom_sup
entrée;11;nom
ennui;11;nom
enlever;11;ver
déterminer;11;ver
désespoir;11;nom
délivrer;11;ver
défaut;11;nom
décider;11;ver
débris;11;nom
distance;11;nom
demeure;11;nom
cérémonie;11;nom
cultiver;11;ver
conter;11;ver
comprendre;11;ver
clémence;11;nom
ci;11;adv_sup
chrétien;11;nom
choisir;11;ver
chaîne;11;nom
charmant;11;adj
caste;11;nom
cabaret;11;nom
bibliothèque;11;nom
avilir;11;ver
antiquité;11;nom
anabaptiste;11;adj
aile;11;nom
accoutumer;11;ver
accorder;11;ver
accabler;11;ver
étroit;10;adj
équité;10;nom
éloge;10;nom
égorger;10;ver
à_coup;10;nom
zèle;10;nom
westphalie;10;nr
vêtir;10;ver
vénérable;10;adj
voûte;10;nom
voyager;10;ver
vive;10;ono
ténèbres;10;nom
trépas;10;nom
tes;10;adj_pos
tendresse;10;nom
subsister;10;ver
souffle;10;nom
singulier;10;adj
singe;10;nom
serment;10;nom
rose;10;nom
respirer;10;ver
repos;10;nom
ramasser;10;ver
quinze;10;adj_num
qualité;10;nom
périr;10;ver
puéril;10;adj
près_de;10;adv
procurer;10;ver
principal;10;adj
port;10;nom
peser;10;ver
personnage;10;nom
papier;10;nom
paisible;10;adj
orgueilleux;10;adj
oisiveté;10;nom
natte;10;nom
muraille;10;nom
mode;10;nom
miracle;10;nom
marquis;10;nom
marquer;10;ver
marier;10;ver
louange;10;nom
londres;10;nr
langage;10;nom
joindre;10;ver
jacques;10;nom
italien;10;adj
interrompre;10;ver
instruit;10;adj
injuste;10;adj
ignorer;10;ver
honteux;10;adj
honorable;10;adj
hasard;10;nom
gémir;10;ver
grec;10;nom
galerie;10;nom
galer;10;nom
fournir;10;ver
fixer;10;ver
examiner;10;ver
entraîner;10;ver
engager;10;ver
effroi;10;nom
délicieux;10;adj
déchirer;10;ver
dresser;10;ver
diviser;10;ver
divin;10;adj
dispute;10;nom
difficulté;10;nom
diable;10;ono
despotisme;10;nom
créature;10;nom
coûter;10;ver
coutume;10;nom
content;10;adj
consumer;10;ver
confondre;10;ver
confier;10;ver
confiance;10;nom
conclure;10;ver
compatriote;10;nom
cesser;10;ver
carnaval;10;nom
bénir;10;ver
brame;10;nom
au_dessus;10;pre
attendrir;10;ver
atteindre;10;ver
assembler;10;ver
anglois;10;nr
amérique;10;nom
amant;10;nom
affliger;10;ver
aborder;10;ver
abattre;10;ver
événement;9;nom
étrange;9;adj
étouffer;9;ver
épée;9;nom
énorme;9;adj
éloquent;9;adj
église;9;nom
égarer;9;ver
vôtre;9;pro_pos
vulgaire;9;adj
vraiment;9;adv
visite;9;nom
violent;9;adj
vanité;9;nom
vainqueur;9;nom
tribunal;9;nom
tranquille;9;adj
tonnerre;9;nom
théologie;9;nom
tempête;9;nom
sérieux;9;adj
surinam;9;nr
suffisant;9;adj
style;9;nom
souriant;9;adj
solitude;9;nom
soi;9;pro_per
sceptre;9;nom
saluer;9;ver
résister;9;ver
réconnaissance;9;nr
récompenser;9;ver
rompre;9;ver
rivage;9;nom
ressort;9;nom
repousser;9;ver
rempli;9;adj
redouter;9;ver
redoubler;9;ver
rapport;9;nom
ramener;9;ver
quart;9;nom
publier;9;ver
prêter;9;ver
promettre;9;ver
production;9;nom
pourvoir;9;ver
portugal;9;nr
pont;9;nom
poliment;9;adv
peintre;9;nom
pasteur;9;nom
parvenir;9;ver
pandects;9;nr
origine;9;nom
ordinaire;9;adj
orage;9;nom
opprobre;9;nom
néant;9;nom
nez;9;nom
mesure;9;nom
maîtresse;9;nom
maudit;9;adj
matin;9;nom
lisbonne;9;nr
laid;9;adj
issachar;9;nr
intéressant;9;adj
insolent;9;adj
insensible;9;adj
innocence;9;nom
ingénieux;9;adj
impossible;9;adj
immortel;9;adj
imiter;9;ver
ignorant;9;adj
hâter;9;ver
harmonie;9;nom
grave;9;adj
giroflée;9;nom
fontaine;9;nom
exécution;9;nom
extravagant;9;adj
exister;9;ver
excellence;9;nom
etc;9;adv
estomac;9;nom
espace;9;nom
envers;9;pre
ennuyer;9;ver
enfoncer;9;ver
enfer;9;nom
endormir;9;ver
enchaîner;9;ver
empreinte;9;nom
désirer;9;ver
déguiser;9;ver
dégoûter;9;ver
défigurer;9;ver
divinité;9;nom
dessus;9;adv_sup
céder;9;ver
corrompre;9;adj
conséquent;9;adj
commander;9;ver
combat;9;nom
classe;9;nom
chérir;9;ver
chine;9;nom
cheveu;9;nom
chef_d_oeuvres;9;nom
chant;9;nom
chacune;9;pro_ind
calme;9;nom
caillou;9;nom
c_est_à_dire;9;adv_sup
bataille;9;nom
avis;9;nom
avance;9;nom
autorité;9;nom
attaquer;9;ver
assurément;9;adv
artiste;9;nom
amitié;9;nom
ambition;9;nom
aisément;9;adv
aimable;9;adj
affecter;9;ver
affable;9;adj
accuser;9;ver
accomplir;9;ver
évêque;8;nom
étonnement;8;nom
épais;8;adj
émouvoir;8;ver
égalité;8;nom
éducation;8;nom
échauffer;8;ver
vêtement;8;nom
volupté;8;nom
voltaire;8;nom
voleur;8;nom
vite;8;adv_sup
vert;8;adj
vent;8;nom
tristement;8;adv
tracer;8;ver
tourmenter;8;ver
théatin;8;nr
tempérament;8;nom
tandis_qu;8;con
sévère;8;adj
surpasser;8;ver
supposer;8;ver
succéder;8;ver
soupirer;8;ver
soulager;8;ver
solide;8;adj
siège;8;nom
situer;8;ver
signifier;8;ver
seconde;8;nom
sauter;8;ver
sain;8;adj
rêve;8;nom
résoudre;8;ver
réparer;8;ver
ruiner;8;ver
risible;8;adj
rappeler;8;ver
précipiter;8;ver
prosterner;8;ver
pousser;8;ver
pourtant;8;adv_sup
possession;8;nom
portoient;8;nr
pluie;8;nom
plan;8;nom
peupler;8;ver
persuader;8;ver
perse;8;adj
peinture;8;nom
paysan;8;nom
pardonner;8;ver
pape;8;nom
palanquin;8;nom
page;8;nom
ouvert;8;adj
oreillon;8;nom
opération;8;nom
opposer;8;ver
nécessairement;8;adv
noblesse;8;nom
mourant;8;adj
moderne;8;adj
membre;8;nom
matelot;8;nom
législation;8;nom
lune;8;nom
lumineux;8;adj
lien;8;nom
leçon;8;nom
lecture;8;nom
iv;8;nr
intérieur;8;nom
intime;8;adj
interroger;8;ver
impression;8;nom
importer;8;ver
imagination;8;nom
hôtellerie;8;nom
horizon;8;nom
hommage;8;nom
henri;8;nr
haine;8;nom
grand_prêtre;8;nom
gorge;8;nom
geste;8;nom
garde;8;nom
galère;8;nom
félicité;8;nom
fécond;8;adj
fortuné;8;adj
folie;8;nom
favoriser;8;ver
fauteuil;8;nom
fardeau;8;nom
fable;8;nom
extrémité;8;nom
extraordinaire;8;adj
expression;8;nom
eux_mêmes;8;pro_per
entrailles;8;nom
engloutir;8;ver
enfermer;8;ver
détestable;8;adj
déposer;8;ver
déplorable;8;adj
dédaigner;8;ver
doré;8;adj
doigt;8;nom
deviner;8;ver
destruction;8;nom
demain;8;adv_sup
côte;8;nom
converser;8;ver
convenable;8;adj
complaisance;8;nom
clair;8;adj
charles;8;nr
chambre;8;nom
certains;8;adj_ind
certain;8;adj_ind
cercle;8;nom
centre;8;nom
branche;8;nom
borné;8;adj
bordeaux;8;adj
boeuf;8;nom
base;8;nom
baigner;8;ver
aveugle;8;adj
autrement;8;adv
attentivement;8;adv
attentif;8;adj
assiéger;8;ver
asile;8;nom
arrêt;8;nom
applaudir;8;ver
animé;8;adj
allemagne;8;nom
aliment;8;nom
aisé;8;adj
adopter;8;ver
admiration;8;nom
accepter;8;ver
absolu;8;adj
abri;8;nom
abord;8;nom
épuiser;7;ver
épaule;7;nom
énergie;7;nom
émaner;7;ver
éléphant;7;nom
éloquence;7;nom
école;7;nom
éclair;7;nom
xv;7;nr
xiv;7;nr
volontairement;7;adv
voisinage;7;nom
voiler;7;ver
vilain;7;adj
vide;7;adj
victime;7;nom
vestibule;7;nom
valeur;7;nom
user;7;ver
unique;7;adj
témoin;7;nom
tremblement;7;nom
tragique;7;adj
tigre;7;nom
tendrement;7;adv
tarder;7;ver
tard;7;adv_sup
taille;7;nom
sûreté;7;nom
sûrement;7;adv
spectateur;7;nom
soupçonner;7;ver
somme;7;nom
sombre;7;adj
soixante;7;adj_num
sincère;7;adj
sienne;7;pro_pos
sexe;7;nom
servitude;7;nom
service;7;nom
sensibilité;7;nom
second;7;adj
sec;7;adj
sauvage;7;adj
sanglant;7;adj
sang_froid;7;nom
révéler;7;ver
réveiller;7;ver
réfléchir;7;ver
retenir;7;ver
repartir;7;ver
remède;7;nom
remords;7;nom
remonter;7;ver
religieux;7;adj
recommander;7;ver
recherche;7;nom
rapide;7;adj
raconter;7;ver
quelqu;7;nr
quelles;7;adj_int
quatrième;7;adj
pâlir;7;ver
punition;7;nom
puisqu;7;con
publiquement;7;adv
prêcher;7;ver
provision;7;nom
presse;7;nom
porteur;7;nom
pompe;7;nom
politesse;7;nom
planter;7;ver
pierreries;7;nom
pesant;7;adj
perpétuel;7;adj
paraguay;7;nr
ostentation;7;nom
organe;7;nom
oraison;7;nom
opulence;7;nom
opposé;7;adj
oisif;7;adj
odieux;7;adj
occasion;7;nom
obéir;7;ver
nôtre;7;pro_pos
nerf;7;nom
méditer;7;ver
millier;7;nom
mensonge;7;nom
mari;7;nom
marc;7;nom
maigre;7;adj
machine;7;nom
législateur;7;nom
lugubre;7;adj
liqueur;7;nom
laver;7;ver
laquais;7;nom
justement;7;adv
jusqu_aux;7;nr
jurer;7;ver
joug;7;nom
jeunesse;7;nom
jaune;7;adj
invention;7;nom
interdire;7;ver
insensé;7;adj
inquiétude;7;nom
innombrable;7;adj
injustice;7;nom
infiniment;7;adv
inconcevable;7;adj
incendie;7;nom
hôpital;7;nom
heureusement;7;adv
haïr;7;ver
hardi;7;adj
habiller;7;ver
gêner;7;ver
guères;7;nr
fête;7;nom
fé;7;nr
foudre;7;nom
filer;7;ver
feuillage;7;nom
fesser;7;ver
façon;7;nom
fatigue;7;nom
faste;7;adj
fanatisme;7;nom
extravagance;7;nom
expirer;7;ver
existence;7;nom
excès;7;nom
essuyer;7;ver
enterrer;7;ver
entasser;7;ver
enflammer;7;ver
effrayant;7;adj
désert;7;nom
dépenser;7;ver
déjeuner;7;nom
dégoût;7;nom
douter;7;ver
distinction;7;nom
diriger;7;ver
différence;7;nom
destinée;7;nom
destin;7;nom
dessein;7;nom
damoiseau;7;nom
da;7;ono
céleste;7;adj
courtisan;7;nom
cou;7;nom
corriger;7;ver
cordelier;7;nom
convaincre;7;ver
contredire;7;ver
contemporain;7;adj
consolant;7;adj
conseil;7;nom
comparaison;7;nom
comique;7;adj
clarté;7;nom
circulation;7;nom
cieux;7;nom
choix;7;nom
charité;7;nom
charitable;7;adj
changement;7;nom
chagrin;7;nom
ceci;7;pro_dem
casser;7;ver
carrosse;7;nom
canne;7;nom
calamité;7;nom
cadix;7;nr
bâton;7;nom
bleu;7;adj
berceau;7;nom
avidité;7;nom
avare;7;adj
auto;7;nom
aurore;7;nom
augmenter;7;ver
astre;7;nom
arroser;7;ver
armée;7;nom
armer;7;ver
ardent;7;adj
appuyer;7;ver
anéantir;7;ver
ambitieux;7;adj
agiter;7;ver
afrique;7;nr
acquérir;7;ver
accourir;7;ver
abominable;7;adj
éviter;6;ver
étoile;6;nom
étoffe;6;nom
éclatant;6;adj
écarter;6;ver
vol;6;nom
voie;6;nom
vivement;6;adv
visiter;6;ver
virgile;6;nr
vigoureux;6;adj
vigilant;6;adj
vengeur;6;nom
varié;6;adj
vallon;6;nom
vache;6;nom
tôt;6;adv
turquie;6;nr
trompette;6;nom
toutefois;6;adv_sup
tournant;6;nom
torrent;6;nom
toile;6;nom
telles;6;adj_ind
tailler;6;ver
sénateur;6;nom
supérieur;6;adj
sultan;6;nom
sueur;6;nom
succès;6;nom
suc;6;nom
substituer;6;ver
subir;6;ver
soulever;6;ver
solliciter;6;ver
signal;6;nom
sagement;6;adv
rousseau;6;nom
rouler;6;ver
rivière;6;nom
retomber;6;ver
retentir;6;ver
ressource;6;nom
respectueux;6;adj
reculer;6;ver
ramer;6;ver
raisonnement;6;nom
raisonnable;6;adj
radieux;6;adj
querelle;6;nom
quels;6;adj_int
quelques_uns;6;pro_ind
péché;6;nom
pâle;6;adj
pyramide;6;nom
pus;6;adj
préserver;6;ver
préférable;6;adj
précepteur;6;nom
progrès;6;nom
profusion;6;nom
profondeur;6;nom
profiter;6;ver
probité;6;nom
privé;6;adj
poème;6;nom
poussière;6;nom
poudre;6;nom
portion;6;nom
polir;6;ver
police;6;nom
planche;6;nom
piquer;6;ver
pipe;6;nom
perte;6;nom
persécuter;6;ver
permission;6;nom
perle;6;nom
perfide;6;adj
peau;6;nom
pavot;6;nom
parfaire;6;ver
orner;6;ver
ordonnance;6;nom
ordinairement;6;adv
opérer;6;ver
océan;6;nom
nôtres;6;pro_pos
nécessité;6;nom
noyer;6;ver
nord;6;nom
noeud;6;nom
naturellement;6;adv
métairie;6;nom
mélange;6;nom
médecine;6;nom
mutuel;6;adj
murmurer;6;ver
muet;6;adj
moliere;6;nr
modeste;6;adj
mienne;6;pro_pos
mariage;6;nom
manteau;6;nom
mahomet;6;nr
loger;6;ver
levanti;6;nr
lent;6;adj
laborieux;6;adj
jurisprudence;6;nom
jugement;6;nom
jouissance;6;nom
jalousie;6;nom
introducteur;6;nom
intelligent;6;adj
institution;6;nom
inquisition;6;nom
ingrat;6;adj
impôt;6;nom
imposant;6;adj
immortalité;6;nom
imbécille;6;nr
illustre;6;adj
illusion;6;nom
ii;6;nr
hollande;6;nom
générosité;6;nom
guère;6;adv
gueux;6;nom
gré;6;nom
germe;6;nom
gaieté;6;nom
gage;6;nom
fâcher;6;ver
futile;6;adj
fréquenter;6;ver
frémir;6;ver
fripon;6;nom
frein;6;nom
fragile;6;adj
fouet;6;nom
forçat;6;nom
fortement;6;adv
figurer;6;ver
feuillée;6;nom
favorable;6;adj
fatal;6;adj
fantôme;6;nom
fanatique;6;nom
faix;6;nom
extrêmement;6;adv
exercice;6;nom
exempt;6;adj
excessif;6;adj
exact;6;adj
européen;6;nom
eunuque;6;nom
entreprendre;6;ver
ensuivre;6;ver
ensevelir;6;ver
enfuir;6;ver
enfanter;6;ver
empoisonner;6;ver
employé;6;nom
embarras;6;nom
dôme;6;nom
détourner;6;ver
désordre;6;nom
dépouille;6;nom
dépositaire;6;nom
dépendre;6;ver
délicat;6;adj
décéder;6;ver
déclarer;6;ver
duquel;6;pro_rel
double;6;adj
dommage;6;ono
distribuer;6;ver
distingué;6;adj
distinctement;6;adv
dissoudre;6;ver
dissiper;6;ver
discorde;6;nom
disciple;6;nom
demi;6;adj_sup
danger;6;nom
césar;6;nom
culte;6;nom
création;6;nom
cruauté;6;nom
croître;6;ver
croiser;6;ver
critique;6;adj
courageux;6;adj
corbeille;6;nom
coquin;6;nom
convive;6;nom
contenter;6;ver
conte;6;nom
conscience;6;nom
confusion;6;nom
conduite;6;nom
condition;6;nom
concitoyen;6;nom
comédie;6;nom
compagnon;6;nom
commodité;6;nom
commode;6;adj
colère;6;nom
collège;6;nom
cochon;6;nom
cité;6;nom
cinquième;6;adj
chirurgien;6;nom
chimère;6;nom
chef_d_oeuvre;6;nom
char;6;nom
chaleur;6;nom
certainement;6;adv
cercueil;6;nom
carte;6;nom
carrière;6;nom
cardinal;6;nom
canal;6;nom
cachet;6;nom
buste;6;nom
brûlant;6;adj
broder;6;ver
boutique;6;nom
bassesse;6;nom
balancer;6;ver
baguette;6;nom
avide;6;adj
avenue;6;nom
avarice;6;nom
audace;6;nom
attribut;6;nom
article;6;nom
arranger;6;ver
approfondi;6;adj
applaudissement;6;nom
annonce;6;nom
andalou;6;nom
ancêtre;6;nom
amoureux;6;adj
amiral;6;nom
aider;6;ver
aide;6;nom
agrément;6;nom
agité;6;adj
affaiblir;6;ver
adresser;6;ver
adresse;6;nom
adieu;6;ono
actif;6;adj
achmet;6;nr
accumuler;6;ver
accident;6;nom
absurde;6;adj
abondant;6;adj
évidence;5;nom
évanouir;5;ver
éternité;5;nom
étaler;5;ver
équipage;5;nom
épouvanter;5;ver
élément;5;nom
édouard;5;nr
édit;5;nom
écouler;5;ver
violence;5;nom
vingt_quatre;5;adj_num
ventre;5;nom
université;5;nom
unanime;5;adj
tâcher;5;ver
troupeau;5;nom
trouble;5;nom
triomphe;5;nom
traduire;5;ver
tourment;5;nom
tort;5;nom
taire;5;ver
tache;5;nom
sérail;5;nom
séduire;5;ver
sécher;5;ver
sur_le_champ;5;adv
spacieux;5;adj
souiller;5;ver
souci;5;nom
sonner;5;ver
soi_même;5;pro_per
sixième;5;adj
situation;5;nom
sire;5;nom
simplicité;5;nom
serpent;5;nom
sermon;5;nom
serein;5;adj
sensation;5;nom
semer;5;ver
semaine;5;nom
secourir;5;ver
secouer;5;ver
scélérat;5;nom
saison;5;nom
sacrifier;5;ver
révoltant;5;adj
résider;5;ver
réjouir;5;ver
réfugier;5;ver
ruisseau;5;nom
roue;5;nom
ronde;5;nom
romain;5;adj
retour;5;nom
ressentir;5;ver
renoncer;5;ver
renommée;5;nom
renfermé;5;adj
renaître;5;ver
rempart;5;nom
regret;5;nom
redoutable;5;adj
ravir;5;ver
rarement;5;adv
racheter;5;ver
quiconque;5;pro_rel
quarante;5;adj_num
quantité;5;nom
quant;5;nom_sup
périodique;5;adj
purifier;5;ver
prévoir;5;ver
président;5;nom
préférer;5;ver
précisément;5;adv
précipice;5;nom
prudent;5;adj
provincial;5;adj
propriété;5;nom
propreté;5;nom
proie;5;nom
profession;5;nom
prodigieusement;5;adv
procès;5;nom
presser;5;ver
pratiquer;5;ver
pratique;5;adj
prairie;5;nom
portée;5;nom
ponte;5;nom
pompeux;5;adj
poche;5;nom
plaisant;5;adj
plaie;5;nom
plaider;5;ver
pirate;5;nom
philosophique;5;adj
petitesse;5;nom
perspective;5;nom
perroquet;5;nom
pencher;5;ver
pauvreté;5;nom
parlement;5;nom
parfum;5;nom
paresse;5;nom
paisiblement;5;adv
padres;5;nr
oubli;5;nom
os;5;nom
odeur;5;nom
objection;5;nom
nuage;5;nom
nourriture;5;nom
notion;5;nom
nier;5;ver
naissance;5;nom
nager;5;ver
mutuellement;5;adv
mosquée;5;nom
moquer;5;ver
mogol;5;adj
meurtrier;5;nom
menacer;5;ver
maxime;5;nom
mathématique;5;adj
masque;5;nom
maroc;5;nr
mandarin;5;nom
légume;5;nom
légitime;5;adj
lâcher;5;ver
là_haut;5;adv
louvre;5;nr
los;5;nom
loisir;5;nom
logis;5;nom
littérature;5;nom
ligne;5;nom
librement;5;adv
laurier;5;nom
latin;5;adj
lasser;5;ver
las;5;ono
lait;5;nom
jusques;5;adv
inébranlable;5;adj
introduire;5;ver
insulter;5;ver
insensibilité;5;nom
inscription;5;nom
indigent;5;nom
indigence;5;nom
indifférent;5;adj
incroyable;5;adj
hôtel;5;nom
héritier;5;nom
horriblement;5;adv
homicide;5;nom
hier;5;adv_sup
hauteur;5;nom
génération;5;nom
gémissement;5;nom
gâter;5;ver
gravure;5;nom
goutte;5;nom
gothique;5;adj
glorieux;5;adj
gazette;5;nom
frotter;5;ver
frivole;5;adj
franchir;5;ver
fouiller;5;ver
fosse;5;nom
forteresse;5;nom
formidable;5;adj
forfait;5;nom
fonction;5;nom
flot;5;nom
flatteur;5;adj
firmament;5;nom
figuier;5;nom
fesse;5;nom
fendre;5;ver
exiger;5;ver
exemplaire;5;adj
estrade;5;nom
estampe;5;nom
entièrement;5;adv
entendement;5;nom
enrichir;5;ver
ennuyeux;5;adj
endroit;5;nom
enchanté;5;adj
empresser;5;ver
empressement;5;nom
emparer;5;ver
embouchure;5;nom
elles_mêmes;5;pro_per
dévoiler;5;ver
désastre;5;nom
dérober;5;ver
dépôt;5;nom
député;5;nom
dépouiller;5;ver
démontrer;5;ver
délit;5;nom
défenseur;5;nom
débiter;5;ver
dorado;5;nr
domaine;5;nom
diverses;5;adj_ind
disséquer;5;ver
dicter;5;ver
diadème;5;nom
dessécher;5;ver
description;5;nom
descendont;5;nr
derviche;5;nom
dent;5;nom
danser;5;ver
célébrer;5;ver
célèbre;5;adj
course;5;nom
courber;5;ver
corsaire;5;nom
continuel;5;adj
conservateur;5;adj
connaitre;5;nr
congé;5;nom
confus;5;adj
confrère;5;nom
concert;5;nom
concentrer;5;ver
commission;5;nom
commencement;5;nom
comble;5;nom
collection;5;nom
colibri;5;nom
coffre;5;nom
climat;5;nom
châtiment;5;nom
chocolat;5;nom
charmer;5;ver
chanson;5;nom
celui_là;5;pro_dem
celle_ci;5;pro_dem
caresser;5;ver
cantique;5;nom
canapé;5;nom
bâtiment;5;nom
broche;5;nom
brisé;5;adj
bourreau;5;nom
boue;5;nom
blesser;5;ver
bienfaiteur;5;nom
bienfait;5;nom
bibliothécaire;5;nom
bambou;5;nom
avocat;5;nom
avertir;5;ver
autel;5;nom
attitude;5;nom
attester;5;ver
attentat;5;nom
arrivée;5;nom
armoire;5;nom
arcade;5;nom
approbation;5;nom
apparence;5;nom
allégresse;5;nom
aigle;5;nom
admettre;5;ver
activité;5;nom
accord;5;nom
accommoder;5;ver
abîme;5;nom
abréger;5;ver
abares;5;nr
éveiller;4;ver
étude;4;nom
étrangler;4;ver
étincelant;4;adj
équivoque;4;adj
épreuve;4;nom
émotion;4;nom
édifier;4;ver
écuelle;4;nom
éclater;4;ver
âgé;4;adj
véritablement;4;adv
vénitien;4;nom
virer;4;ver
vieillesse;4;nom
vieil;4;adj
veuf;4;nom
versailles;4;nr
verdure;4;nom
venger;4;ver
variété;4;nom
vanderdendur;4;nr
vaient;4;nr
union;4;nom
témoigner;4;ver
témoignage;4;nom
télescope;4;nom
tumulte;4;nom
troubler;4;ver
tremblant;4;adj
transmettre;4;ver
tout_puissant;4;adj
torture;4;nom
toit;4;nom
titré;4;adj
timide;4;adj
théologien;4;nom
tenter;4;ver
tellement;4;adv
tasse;4;nom
tapis;4;nom
tambour;4;nom
susceptible;4;adj
supporter;4;ver
superstitieux;4;adj
suffisamment;4;adv
subtil;4;adj
substance;4;nom
splendeur;4;nom
soupir;4;nom
souhaiter;4;ver
soucier;4;ver
sorbon;4;nom
solution;4;nom
singulièrement;4;adv
siffler;4;ver
servant;4;nom
serré;4;adj
sequin;4;nom
sentier;4;nom
sel;4;nom
seine;4;nom
secrétaire;4;nom
sculpture;4;nom
satyre;4;nom
sanctuaire;4;nom
sacrifice;4;nom
sable;4;nom
rêver;4;ver
rétablir;4;ver
réserver;4;ver
république;4;nom
réparation;4;nom
région;4;nom
régiment;4;nom
récit;4;nom
russe;4;nom
ruse;4;nom
rubis;4;nom
ruban;4;nom
royauté;4;nom
roman;4;nom
risque;4;nom
rideau;4;nom
revue;4;nom
ressusciter;4;ver
resserrer;4;ver
représentation;4;nom
reprocher;4;ver
renouveler;4;ver
remuer;4;ver
rejeter;4;ver
regretter;4;ver
registre;4;nom
recherché;4;adj
ranger;4;ver
queue;4;nom
quatre_vingt;4;adj_num
pérou;4;nom
pénible;4;adj
purger;4;ver
pudeur;4;nom
précédent;4;adj
précis;4;adj
précipitamment;4;adv
proprement;4;adv
proposition;4;nom
proportion;4;nom
promenade;4;nom
proférer;4;ver
prodigue;4;adj
proche;4;adj
prochain;4;adj
privilège;4;nom
printemps;4;nom
prestige;4;nom
pot;4;nom
possesseur;4;nom
poser;4;ver
portugais;4;nom
portant;4;adj
pont_neuf;4;nom
pommade;4;nom
poli;4;adj
pleinement;4;adv
platon;4;nr
plaisanterie;4;nom
plaintif;4;adj
plainte;4;nom
placet;4;nom
pieux;4;adj
physicien;4;nom
perçant;4;adj
persan;4;adj
pente;4;nom
pavé;4;adj
paternel;4;adj
passable;4;adj
parfait;4;adj
paradis;4;nom
parade;4;nom
pandect;4;nr
palpiter;4;ver
palet;4;nom
ossement;4;nom
orphelin;4;adj
orné;4;adj
original;4;nom
orient;4;nom
opprimer;4;ver
opiniâtre;4;adj
offenser;4;ver
occupation;4;nom
obstacle;4;nom
observatoire;4;nom
observation;4;nom
obscurité;4;nom
obscurcir;4;ver
obligation;4;nom
négliger;4;ver
nulle;4;adj_ind
nous_mêmes;4;pro_per
noce;4;nom
national;4;adj
métaphysique;4;adj
métal;4;nom
mélancolie;4;nom
médiocre;4;adj
médaille;4;nom
mur;4;nom
mouche;4;nom
motte;4;nom
montesquieu;4;nr
mont;4;nom
monstrueux;4;adj
monnaie;4;nom
mollesse;4;nom
modestie;4;nom
miroir;4;nom
mince;4;ono
milton;4;nr
mesurer;4;ver
messe;4;nom
mensonger;4;adj
mendiant;4;nom
marais;4;nom
manche;4;nom
malheureusement;4;adv
maintenant;4;adv_sup
lueur;4;nom
loup;4;nom
lors;4;adv_sup
longueur;4;nom
lesquelles;4;pro_rel
lancer;4;ver
lampe;4;nom
laine;4;nom
laboureur;4;nom
justifier;4;ver
japon;4;nom
janissaire;4;nom
ivan;4;nr
isoler;4;ver
invisible;4;adj
inventeur;4;nom
instruction;4;nom
instituer;4;ver
insipide;4;adj
inouï;4;adj
inonder;4;ver
infâme;4;adj
infortune;4;nom
infamie;4;nom
indigestion;4;nom
incliner;4;ver
impénétrable;4;adj
imprimerie;4;nom
impitoyablement;4;adv
immobile;4;adj
imitation;4;nom
iman;4;nom
iii;4;nr
ignoble;4;adj
idole;4;nom
ici_bas;4;adv
hésiter;4;ver
héroïsme;4;nom
hymen;4;nom
humilier;4;ver
humble;4;adj
hospitalité;4;nom
homere;4;nr
hideux;4;adj
herbe;4;nom
harmonieux;4;adj
habitude;4;nom
gravement;4;adv
gracieux;4;adj
gondolier;4;nom
garçon;4;nom
gai;4;adj
féroce;4;adj
futur;4;adj
fumée;4;nom
fumer;4;ver
fréquemment;4;adv
froidement;4;adv
fouetter;4;ver
fortifier;4;ver
follement;4;adv
flottant;4;adj
florissant;4;adj
flanc;4;nom
financier;4;adj
finance;4;nom
fil;4;nom
fierté;4;nom
fidélité;4;nom
fenêtre;4;nom
faubourg;4;nom
fastidieux;4;adj
fantaisie;4;nom
fange;4;nom
fade;4;adj
facilité;4;nom
exilé;4;nom
exhaler;4;ver
excuser;4;ver
excepté;4;pre
estimable;4;adj
escalier;4;nom
envisager;4;ver
enthousiasme;4;nom
enflammé;4;adj
enfance;4;nom
endurer;4;ver
encens;4;nom
emprunter;4;ver
embraser;4;ver
embellir;4;ver
dévot;4;adj
développer;4;ver
détrôné;4;adj
détacher;4;ver
déranger;4;ver
dépouillé;4;adj
démêler;4;ver
délice;4;nom
dégoûtant;4;adj
décrire;4;ver
décorer;4;ver
décoration;4;nom
déclamation;4;nom
débauche;4;nom
débarquer;4;ver
durée;4;nom
drapeau;4;nom
douloureux;4;adj
doubler;4;ver
dot;4;nom
dos;4;nom
dix_huitième;4;nom
divertissement;4;nom
distinct;4;adj
dissertation;4;nom
disposition;4;nom
disperser;4;ver
dispenser;4;ver
directeur;4;nom
dieppe;4;nr
deuil;4;nom
dessin;4;nom
denrée;4;nom
debout;4;adv_sup
cul;4;nom
cuisine;4;nom
crédit;4;nom
creuser;4;ver
corrompu;4;adj
copie;4;nom
contrée;4;nom
contribuer;4;ver
continuellement;4;adv
constamment;4;adv
consister;4;ver
considérable;4;adj
consentement;4;nom
concorder;4;ver
comédien;4;nom
compliment;4;nom
compassion;4;nom
comparer;4;ver
communion;4;nom
combler;4;ver
coloris;4;nom
collier;4;nom
colifichet;4;nom
code;4;nom
coco;4;nom
clameur;4;nom
chute;4;nom
chemise;4;nom
chasse;4;nom
chaise;4;nom
ceux_ci;4;pro_dem
cervelle;4;nom
certaines;4;adj_ind
certaine;4;adj_ind
censeur;4;nom
caprice;4;nom
camarade;4;nom
café;4;nom
cachot;4;nom
brave;4;adj
bossuet;4;nr
border;4;ver
bled;4;nom
billet;4;nom
bienfaisant;4;adj
basané;4;adj
barque;4;nom
banquier;4;nom
bande;4;nom
banc;4;nom
aïeul;4;nom
avenir;4;nom
aurele;4;nr
aumône;4;nom
au_delà;4;adv
assistant;4;nom
asie;4;nr
artifice;4;nom
arpent;4;nom
ardet;4;nr
appui;4;nom
approuver;4;ver
apaiser;4;ver
ambassadeur;4;nom
amateur;4;nom
amas;4;nom
alger;4;nr
alarme;4;nom
agriculture;4;nom
affermir;4;ver
advenir;4;ver
acte;4;nom
acclamation;4;nom
académique;4;adj
étudier;3;ver
étourdir;3;ver
étourdi;3;adj
ériger;3;ver
épitaphe;3;nom
émeraude;3;nom
élémens;3;nr
égypte;3;nr
égard;3;nom
édifiant;3;adj
écu;3;nom
écorce;3;nom
éclaircir;3;ver
échelle;3;nom
écharpe;3;nom
xviii;3;nr
xl;3;nr
vénal;3;adj
végétal;3;nom
vraisemblable;3;adj
volumineux;3;adj
volontiers;3;adv_sup
volcan;3;nom
voirie;3;nom
vizir;3;nom
vivacité;3;nom
vingt_deux;3;adj_num
vigne;3;nom
vigilance;3;nom
vieillir;3;ver
victoire;3;nom
verre;3;nom
vase;3;nom
vanter;3;ver
vaincre;3;ver
utilité;3;nom
unité;3;nom
unes;3;pro_ind
témérité;3;nom
téméraire;3;adj
tâche;3;nom
tulipe;3;nom
trompeur;3;adj
triomphant;3;adj
transylvanie;3;nr
transparent;3;adj
tranquillité;3;nom
trahir;3;ver
traduction;3;nom
tradition;3;nom
tourbillon;3;nom
torche;3;nom
tillac;3;nom
terrestre;3;adj
terrasse;3;nom
terminer;3;ver
tempérance;3;nom
teinte;3;nom
teint;3;nom
tas;3;nom
sévèrement;3;adv
séance;3;nom
syllabe;3;nom
suspendre;3;ver
surlendemain;3;nom
surface;3;nom
supprimer;3;ver
superflu;3;adj
suisse;3;adj
successivement;3;adv
successeur;3;nom
subordonné;3;nom
submerger;3;ver
stupéfait;3;adj
stupide;3;adj
spéculation;3;nom
souza;3;nr
souveraineté;3;nom
souris;3;nom
sourd;3;adj
souple;3;adj
soulier;3;nom
souffler;3;ver
sortie;3;nom
sophocle;3;nr
soigneusement;3;adv
soif;3;nom
soie;3;nom
socrate;3;nr
sitôt;3;adv
sincèrement;3;adv
simplement;3;adv
sillonner;3;ver
sillon;3;nom
signer;3;ver
siens;3;pro_pos
siennes;3;pro_pos
serviteur;3;nom
servile;3;adj
sergent;3;nom
sentence;3;nom
semence;3;nom
secousse;3;nom
scandaleux;3;adj
savamment;3;adv
sapin;3;nom
sanguinaire;3;adj
sandal;3;nr
sallons;3;nr
saigner;3;ver
révérer;3;ver
révérence;3;nom
révolter;3;ver
réussir;3;ver
résonner;3;ver
résigner;3;ver
réprimer;3;ver
réglement;3;nr
réforme;3;nom
réalité;3;nom
règle;3;nom
rudement;3;adv
rouer;3;ver
ronger;3;ver
robuste;3;adj
rimer;3;ver
rigueur;3;nom
revivre;3;ver
revendre;3;ver
retraite;3;nom
retracer;3;ver
respecté;3;adj
respectueusement;3;adv
représentant;3;nom
reparaître;3;ver
rente;3;nom
rendez_vous;3;nom
remédier;3;ver
rejoindre;3;ver
reispoutes;3;nr
reine;3;nom
refleurir;3;ver
recueil;3;nom
recours;3;nom
reconnoitre;3;nr
ravissant;3;adj
ravage;3;nom
rassurer;3;ver
rassasier;3;ver
rançon;3;nom
ramper;3;ver
rameau;3;nom
raisonnablement;3;adv
rafraîchissement;3;nom
rade;3;nom
quelques_unes;3;pro_ind
quatre_vingts;3;adj_num
quatorze;3;adj_num
pékin;3;nom
pédant;3;adj
purement;3;adv
puiser;3;ver
prévaloir;3;ver
prétexte;3;nom
prérogative;3;nom
préférence;3;nom
prédécesseur;3;nom
précéder;3;ver
proverbe;3;nom
protéger;3;ver
protecteur;3;nom
prose;3;nom
proportionné;3;adj
propontide;3;nr
profit;3;nom
procédé;3;nom
pressentir;3;ver
prescrire;3;ver
pouce;3;nom
portsmouth;3;nr
portail;3;nom
porc;3;nom
populace;3;nom
pologne;3;nr
poitrine;3;nom
poil;3;nom
planer;3;ver
plaine;3;nom
pistolet;3;nom
pistole;3;nom
piller;3;ver
peste;3;ono
pesanteur;3;nom
persécuteur;3;nom
personnel;3;adj
perpétuellement;3;adv
pensionné;3;nom
penchant;3;nom
paupière;3;nom
patriarche;3;nom
patiemment;3;adv
passant;3;nom
parterre;3;nom
paroitre;3;nr
parnasse;3;nr
paravent;3;nom
paquet;3;nom
pantomime;3;nom
panier;3;nom
palpitant;3;adj
palpable;3;adj
palmier;3;nom
palestrine;3;nr
ours;3;nom
originel;3;adj
oranger;3;nom
oracle;3;nom
omrahs;3;nr
office;3;nom
obéissance;3;nom
négociant;3;nom
nécessiteux;3;nom
nuance;3;nom
noblement;3;adv
niveau;3;nom
net;3;adj
naples;3;nr
méthode;3;nom
métaphysicien;3;nom
mélancolique;3;adj
mécontent;3;adj
mâle;3;nom
muséum;3;nom
musicien;3;nom
muphti;3;nom
mulâtre;3;nom
montaigne;3;nr
momentané;3;adj
mollah;3;nom
modéré;3;nom
modèle;3;nom
modifier;3;ver
mm;3;nom_sup
mitre;3;nom
miséricorde;3;nom
minute;3;nom
ministère;3;nom
miennes;3;pro_pos
mesquin;3;adj
merveilleusement;3;adv
mentir;3;ver
menteur;3;nom
maussade;3;adj
maudire;3;ver
maturité;3;nom
masure;3;nom
mascarenes;3;nr
manuscrit;3;nom
manoeuvre;3;nom
manifester;3;ver
manichéen;3;adj
malfaisant;3;adj
magique;3;adj
magasin;3;nom
lutte;3;nom
lunette;3;nom
lointain;3;adj
logique;3;adj
lion;3;nom
limite;3;nom
licencieux;3;adj
libraire;3;nom
libertinage;3;nom
liaison;3;nom
languir;3;ver
lampourdos;3;nr
lamentable;3;adj
lambeau;3;nom
laideur;3;nom
jusque;3;pre
jus;3;nom
journée;3;nom
journalier;3;adj
journal;3;nom
jettait;3;nr
jeton;3;nom
jargon;3;nom
jaillir;3;ver
issue;3;nom
irrévocable;3;adj
irriter;3;ver
inégalité;3;nom
invoquer;3;ver
inventer;3;ver
intègre;3;adj
intrigue;3;nom
intimider;3;ver
intervalle;3;nom
intention;3;nom
intendant;3;nom
intarissable;3;adj
insultant;3;adj
insigne;3;nom
insensiblement;3;adv
insecte;3;nom
insatiable;3;adj
inondation;3;nom
inoculation;3;nom
innocemment;3;adv
initier;3;ver
iniquité;3;nom
inhumanité;3;nom
inhumain;3;adj
infinité;3;nom
infecter;3;ver
infaillible;3;adj
indépendant;3;adj
indou;3;adj
individu;3;nom
indigne;3;adj
indignation;3;nom
incontinent;3;adj
incision;3;nom
incessamment;3;adv
incapable;3;adj
in_folio;3;nom
in;3;adj_sup
impur;3;adj
impuissant;3;adj
imprudent;3;adj
imposteur;3;nom
impertinent;3;adj
impatient;3;adj
immortaliser;3;ver
immoler;3;ver
immobilité;3;nom
imitateur;3;nom
ibaraa;3;nr
héroïque;3;adj
héritage;3;nom
hâte;3;nom
hypocrite;3;nom
hymne;3;nom
hydre;3;nom
humide;3;adj
humblement;3;adv
hui;3;nom
horace;3;nr
historique;3;adj
hausser;3;ver
hardiesse;3;nom
haleine;3;nom
guérison;3;nom
guerrier;3;adj
grimace;3;nom
grille;3;nom
gratuit;3;adj
grain;3;nom
gosier;3;nom
glacé;3;adj
gemna;3;nr
garantir;3;ver
gageure;3;nom
féliciter;3;ver
furieux;3;adj
fruitier;3;adj
frontière;3;nom
frivolité;3;nom
frippier;3;nr
friponnerie;3;nom
frappant;3;adj
frangui;3;nr
franc;3;nom
foyer;3;nom
fourbe;3;adj
foulsapatte;3;nr
fouler;3;ver
fossé;3;nom
formule;3;nom
fondre;3;ver
fondemens;3;nr
flotte;3;nom
fleurir;3;ver
flatterie;3;nom
flanquer;3;ver
figueora;3;nr
fidèlement;3;adv
festin;3;nom
fernando;3;nr
fermeté;3;nom
favori;3;adj
fastueux;3;adj
familier;3;adj
familiarité;3;nom
familiariser;3;ver
faiseur;3;nom
exterminer;3;ver
extase;3;nom
exquis;3;adj
exprès;3;adj
expier;3;ver
exclusivement;3;adv
exciter;3;ver
exceller;3;ver
exactement;3;adv
essayer;3;ver
envieux;3;adj
envelopper;3;ver
envain;3;nr
entrevoir;3;ver
entreprise;3;nom
enhardir;3;ver
encyclopédie;3;nom
encourager;3;ver
employer;3;ver
emblême;3;nr
embaumer;3;ver
embarrasser;3;ver
efféminé;3;adj
effroyable;3;adj
effrayer;3;ver
détrônés;3;nr
détester;3;ver
désolé;3;adj
désoler;3;ver
désespérer;3;ver
déployer;3;ver
déplaire;3;ver
dépens;3;nom
dénaturer;3;ver
démarche;3;nom
délier;3;ver
dégager;3;ver
défunt;3;nom
défense;3;nom
décousu;3;adj
décision;3;nom
décharné;3;adj
décent;3;adj
décence;3;nom
débattre;3;ver
débat;3;nom
débarrasser;3;ver
durer;3;ver
durable;3;adj
duc;3;nom
drap;3;nom
drame;3;nom
douzaine;3;nom
dorure;3;nom
dominer;3;ver
dogme;3;nom
docile;3;adj
dix_sept;3;adj_num
division;3;nom
divers;3;adj_ind
distraire;3;ver
discordans;3;nr
dimanche;3;nom
différemment;3;adv
dictionnaire;3;nom
dey;3;nom
dette;3;nom
dessous;3;nom_sup
dessert;3;nom
despréaux;3;nr
delhi;3;nr
côtoyer;3;ver
cupidité;3;nom
cultivateur;3;nom
cuivre;3;nom
cuisinier;3;nom
crédule;3;adj
cruellement;3;adv
crucial;3;adj
croyance;3;nom
crocodile;3;nom
cristal;3;nom
crible;3;nom
creuset;3;nom
craient;3;nr
couvriroit;3;nr
couteau;3;nom
cousin;3;nom
courrier;3;nom
couchant;3;adj
coton;3;nom
correspondre;3;ver
corne;3;nom
cordon;3;nom
corbeau;3;nom
coquetterie;3;nom
copiste;3;nom
convulsion;3;nom
convertir;3;ver
contrôleur;3;nom
contracter;3;ver
contour;3;nom
continent;3;nom
conséquence;3;nom
constance;3;nom
conspiration;3;nom
consolation;3;nom
considération;3;nom
conquête;3;nom
conférer;3;ver
confident;3;nom
conducteur;3;nom
communication;3;nom
commentaire;3;nom
colosse;3;nom
coloré;3;adj
colonie;3;nom
cocotier;3;nom
clouer;3;ver
clin;3;nom
clerc;3;nom
clairement;3;adv
ciseau;3;nom
circuler;3;ver
circonstance;3;nom
cimetière;3;nom
chéri;3;nom
chirurgie;3;nom
chinois;3;nom
chevet;3;nom
chevalier;3;nom
cheminée;3;nom
chaud;3;adj
charrue;3;nom
chapelle;3;nom
champêtre;3;adj
chameau;3;nom
chair;3;nom
ceinture;3;nom
ceindre;3;ver
cayenne;3;nom
carrefour;3;nom
caresse;3;nom
caractériser;3;ver
captiver;3;ver
capricieux;3;adj
capable;3;adj
canaille;3;nom
canada;3;nom
calculer;3;ver
bête;3;nom
bénit;3;adj
brutal;3;adj
brochure;3;nom
brigandage;3;nom
braver;3;ver
bramine;3;nr
bourgeois;3;adj
bourg;3;nom
bouquet;3;nom
bosquet;3;nom
borner;3;ver
blâmer;3;ver
blanchir;3;ver
biscayen;3;nr
bile;3;nom
benito;3;nr
baïonnette;3;nom
bateau;3;nom
barbe;3;nom
barbarie;3;nom
banian;3;nom
ballot;3;nom
baisser;3;ver
bain;3;nom
bachas;3;nr
aviser;3;ver
autoriser;3;ver
austère;3;adj
auquel;3;pro_rel
aujourd;3;nr
auberge;3;nom
au_dessous;3;adv
attrister;3;ver
attraper;3;ver
attendrissant;3;adj
athènes;3;nr
assigner;3;ver
assaut;3;nom
assassiner;3;ver
assassin;3;nom
artificiel;3;adj
arabie;3;nr
arabe;3;nom
apôtre;3;nom
apprêter;3;ver
apprécier;3;ver
apparent;3;adj
apparemment;3;adv
appareil;3;nom
appanage;3;nr
anneau;3;nom
améliorer;3;ver
amsterdam;3;nr
amer;3;adj
ambre;3;nom
altérer;3;ver
alternativement;3;adv
allégorique;3;adj
alliage;3;nom
aisance;3;nom
airain;3;nom
adversaire;3;nom
adoration;3;nom
adorateur;3;nom
adjuger;3;ver
achevé;3;adj
accès;3;nom
accrocher;3;ver
accent;3;nom
accablant;3;adj
abîmer;3;ver
absoudre;3;ver
abonder;3;ver
abolir;3;ver
abjurer;3;ver
éventrer;2;ver
étoufer;2;nr
étiquette;2;nom
étiqueter;2;ver
éternellement;2;adv
étendard;2;nom
éteint;2;adj
étayer;2;ver
étage;2;nom
établissement;2;nom
étable;2;nom
éraillé;2;adj
équiper;2;ver
équilibre;2;nom
équestre;2;adj
époque;2;nom
épitres;2;nr
épine;2;nom
épigramme;2;nom
épidémique;2;adj
épice;2;nom
épervier;2;nom
éperdre;2;ver
épars;2;adj
épaissir;2;ver
épaisseur;2;nom
énigme;2;nom
énergique;2;adj
élévation;2;nom
éloigné;2;adj
élixir;2;nom
élire;2;ver
élier;2;ver
électricité;2;nom
élargir;2;ver
égout;2;nom
égaler;2;ver
édition;2;nom
écurie;2;nom
écueil;2;nom
écrouler;2;ver
écot;2;nom
économie;2;nom
éclipser;2;ver
éclipse;2;nom
éclaircissement;2;nom
écho;2;nom
échevin;2;nom
échange;2;nom
ébène;2;nom
ébranler;2;ver
çà;2;adv
à_peu_près;2;nom
à_l_envi;2;adv
zoïle;2;nr
young;2;nr
xii;2;nr
x;2;adj_num
vénérer;2;ver
vénération;2;nom
vous_même;2;pro_per
vorace;2;adj
vomir;2;ver
voluptueux;2;adj
voltiger;2;ver
visiteur;2;nom
visionnaire;2;nom
visiblement;2;adv
visible;2;adj
vis_à_vis;2;pre
violet;2;adj
vindicatif;2;adj
vinaigre;2;nom
vigueur;2;nom
vierge;2;adj
victorieux;2;adj
vicieux;2;adj
vi;2;nr
versant;2;nom
vernis;2;nom
vermine;2;nom
vermeil;2;adj
veine;2;nom
veau;2;nom
vaudeville;2;nom
variable;2;adj
vapeur;2;nom
usurper;2;ver
urne;2;nom
uniquement;2;adv
uniment;2;adv
uniformité;2;nom
télémaque;2;nr
tyrannique;2;adj
tucuman;2;nr
trou;2;nom
tripoli;2;nom
triple;2;adj
triompher;2;ver
tressaillir;2;ver
trente_six;2;adj_num
trentaine;2;nom
tremper;2;ver
trancher;2;ver
tranchant;2;adj
traiteur;2;nom
traitans;2;nr
train;2;nom
trahison;2;nom
trafiquer;2;ver
trace;2;nom
total;2;adj
tonnant;2;adj
tome;2;nom
tolérer;2;ver
tolérance;2;nom
titus;2;nr
tite;2;nr
tissu;2;nom
timbrer;2;ver
théodore;2;nr
thibet;2;nr
terrasser;2;ver
terrain;2;nom
ternir;2;ver
tenue;2;nom
teindre;2;ver
tardif;2;adj
tapisserie;2;nom
talisman;2;nom
tabac;2;nom
sérieusement;2;adv
sépulture;2;nom
séduisant;2;adj
symptôme;2;nom
sympathie;2;nom
symbole;2;nom
suspect;2;nom
survivre;2;ver
survenir;2;ver
surprenant;2;adj
surmonter;2;ver
surcharger;2;ver
supériorité;2;nom
supplier;2;ver
sully;2;nr
subtilité;2;nom
subtiliser;2;ver
subsistance;2;nom
subjuguer;2;ver
subalterne;2;nom
statuaire;2;nom
spécialement;2;adv
spirituel;2;adj
spectre;2;nom
souverainement;2;adv
soutien;2;nom
soustraire;2;ver
souscripteur;2;nom
sourcil;2;nom
soupçon;2;nom
souplesse;2;nom
souffrant;2;adj
sorbet;2;nom
sophie;2;nom
sopha;2;nom
sonore;2;adj
sonnet;2;nom
somptueux;2;adj
somptuaire;2;adj
solidement;2;adv
soldatesque;2;nom
soixante_dix_huit;2;adj_num
socinien;2;nr
soc;2;nom
smyrne;2;nr
sinistre;2;adj
sincérité;2;nom
silencieux;2;adj
siam;2;nom
serviable;2;adj
serpenter;2;ver
serpe;2;nom
septième;2;adj
senza;2;nr
sentinelle;2;nom
selle;2;nom
seize;2;adj_num
scrupuleux;2;adj
scrupuleusement;2;adv
scrupule;2;nom
sciagura;2;nr
savourer;2;ver
saveur;2;nom
saurer;2;ver
saturne;2;nr
santon;2;nom
samos;2;nr
sale;2;adj
saisie;2;nom
sainteté;2;nom
saillie;2;nom
sac;2;nom
sabbat;2;nom
rôti;2;nom
rôle;2;nom
rêveur;2;nom
rêverie;2;nom
rêne;2;nom
réveil;2;nom
résulter;2;ver
réserve;2;nom
répétition;2;nom
réputation;2;nom
répugnance;2;nom
républicain;2;adj
réparateur;2;nom
rémission;2;nom
réjouissance;2;nom
réitérer;2;ver
réhabiliter;2;ver
réformer;2;ver
rédiger;2;ver
réciproquement;2;adv
récemment;2;adv
réaliser;2;ver
russies;2;nr
russie;2;nr
rugissement;2;nom
rude;2;adj
routine;2;nom
rouen;2;nr
rogner;2;ver
roche;2;nom
riz;2;nom
rive;2;nom
risquer;2;ver
rigoureusement;2;adv
richelieu;2;nom
richard;2;adj
riant;2;adj
revers;2;nom
retrancher;2;ver
ressentiment;2;nom
ressemblance;2;nom
responsable;2;adj
reproduire;2;ver
reproche;2;nom
repli;2;nom
renvoyer;2;ver
renouer;2;ver
renard;2;nom
remporter;2;ver
rembrunie;2;nr
remarquable;2;adj
relier;2;ver
relation;2;nom
relatif;2;adj
rejeton;2;nom
rejaillir;2;ver
refus;2;nom
refrein;2;nr
refermer;2;ver
refaire;2;ver
redresser;2;ver
redevenir;2;ver
recueillement;2;nom
recourir;2;ver
reconnaissance;2;nom
reconduire;2;ver
recommencer;2;ver
recommandation;2;nom
rebuter;2;ver
rapprocher;2;ver
rapidité;2;nom
rapidement;2;adv
raphaël;2;nr
rapacité;2;nom
rampant;2;adj
rajeunir;2;ver
rajah;2;nom
raisonneur;2;nom
railleur;2;nom
ragoût;2;nom
rafinés;2;nr
rafinement;2;nr
raffermir;2;ver
pêle_mêle;2;adv
pétrifier;2;ver
périssable;2;adj
pédantisme;2;nom
pécher;2;ver
pâleur;2;nom
pulmonie;2;nom
puceau;2;nom
préétabli;2;adj
présumer;2;ver
présomption;2;nom
présider;2;ver
préparation;2;nom
précepte;2;nom
précaution;2;nom
prospérité;2;nom
proscrire;2;ver
proposé;2;adj
prompt;2;adj
prolonger;2;ver
profondément;2;adv
profane;2;adj
prodiguer;2;ver
procureur;2;nom
procession;2;nom
probablement;2;adv
probable;2;adj
privilégié;2;nom
privation;2;nom
prisonnier;2;adj
principalement;2;adv
primitif;2;adj
prieur;2;adj
preuve;2;nom
pressé;2;adj
pressant;2;adj
poësie;2;nr
poursuite;2;nom
potelé;2;adj
potage;2;nom
posture;2;nom
poste;2;nom
portique;2;nom
populaire;2;adj
pomme;2;nom
polaque;2;nom
poisson;2;nom
pois;2;nom
pointe;2;nom
poignard;2;nom
plâtre;2;nom
plutus;2;nr
plier;2;ver
pleur;2;nom
plattes;2;nr
plaisanter;2;ver
plain;2;nom
piété;2;nom
piège;2;nom
pitoyable;2;adj
pistache;2;nom
pis;2;adv_sup
pire;2;adj
piquant;2;nom
pion;2;nom
pilote;2;nom
phrase;2;nom
pharaon;2;nom
pesamment;2;adv
pervers;2;nom
persécution;2;nom
persuasion;2;nom
perplexité;2;nom
perfidie;2;nom
paysage;2;nom
pavillon;2;nom
patriotique;2;adj
patient;2;nom
pathétique;2;adj
passionnément;2;adv
parolignac;2;nr
parisien;2;adj
paresseux;2;adj
pardonnable;2;adj
parc;2;nom
paraguains;2;nr
par_dessus;2;pre
par_derrière;2;pre
palme;2;nom
padoue;2;nr
ouïr;2;ver
ouvrier;2;nom
outrer;2;ver
outrager;2;ver
outrage;2;nom
ouragan;2;nom
orageux;2;adj
optimisme;2;nom
opprimé;2;nom
oppression;2;nom
onzième;2;adj
onze;2;adj_num
ombrage;2;nom
offrande;2;nom
odorat;2;nom
ode;2;nom
occident;2;nom
obélisque;2;nom
obéissant;2;adj
obole;2;nom
néron;2;nr
négligence;2;nom
néanmoins;2;con
nâquit;2;nr
nuë;2;nr
nul;2;adj_ind
nuire;2;ver
novice;2;nom
nouvel;2;adj
nouveauté;2;nom
nourricier;2;adj
normandie;2;nr
nombrer;2;nr
nocturne;2;adj
nil;2;nom
nid;2;nom
neveu;2;nom
neige;2;nom
naïf;2;adj
navire;2;nom
navigation;2;nom
nantes;2;nr
n_est_ce_pas;2;adv_sup
mûr;2;adj
métis;2;nom
métempsycose;2;nom
méridional;2;adj
méprisable;2;adj
ménagerie;2;nom
ménager;2;ver
mélodieux;2;adj
mélanger;2;ver
méditerrané;2;adj
médisance;2;nom
médiocrité;2;nom
méconnu;2;adj
mât;2;nom
mânes;2;nom
mâcher;2;ver
mutilé;2;adj
musulman;2;adj
multiplicité;2;nom
mugissement;2;nom
mrs;2;nr
mr;2;nr
moustache;2;nom
mouillé;2;adj
mougris;2;nr
mouchoir;2;nom
motiver;2;ver
motif;2;nom
morgue;2;nom
monture;2;nom
montezume;2;nr
monopole;2;nom
monnoye;2;nr
monarchique;2;adj
monarchie;2;nom
molière;2;nr
modération;2;nom
mlle;2;nom_sup
mission;2;nom
miraculeux;2;adj
minutieux;2;adj
minuit;2;nom
minaret;2;nom
militaire;2;adj
miens;2;pro_pos
mien;2;pro_pos
microscope;2;nom
mexique;2;nr
meurtre;2;nom
meuble;2;nom
mausolée;2;nom
maure;2;adj
matériel;2;adj
maternel;2;adj
masser;2;ver
massacrer;2;ver
mascarade;2;nom
masalchi;2;nr
maréchal;2;nom
marseille;2;nr
marche;2;nom
manufacture;2;nom
manguier;2;nom
mandemens;2;nr
manchette;2;nom
malédiction;2;nom
maltôtiers;2;nr
malte;2;nr
maintenir;2;ver
magnifiquement;2;adv
magister;2;nom
magie;2;nom
magellanique;2;nr
madrid;2;nr
machiniste;2;nom
légèreté;2;nom
légèrement;2;adv
législatrice;2;nr
lèvre;2;nom
lâchement;2;adv
lâche;2;nom
lyre;2;nom
luire;2;ver
lucratif;2;adj
lourd;2;adj
louable;2;adj
loterie;2;nom
loix;2;nr
live;2;adj
littéraire;2;adj
liste;2;nom
linge;2;nom
linceul;2;nom
limité;2;adj
limer;2;ver
liane;2;nom
levent;2;nr
lentement;2;adv
lassitude;2;nom
lard;2;nom
lanterne;2;nom
languissant;2;adj
lamenter;2;ver
lambris;2;nom
lahor;2;nr
lacté;2;adj
labyrinthe;2;nom
labourer;2;ver
korahs;2;nr
justesse;2;nom
jusque_là;2;adv
jupiter;2;nr
judicieux;2;adj
joint;2;nom
joguis;2;nr
jeûne;2;nom
javelle;2;nom
jarretière;2;nom
janséniste;2;adj
jambon;2;nom
ix;2;nr
ivresse;2;nom
ivoire;2;nom
ivc;2;nr
israélite;2;adj
isolé;2;adj
ironique;2;adj
inévitable;2;adj
inépuisable;2;adj
invincible;2;adj
invective;2;nom
inutilité;2;nom
inutilement;2;adv
intéressé;2;adj
intrépide;2;adj
intestin;2;adj
interprète;2;nom
interlocuteur;2;nom
intendans;2;nr
inséparable;2;adj
insu;2;nom
instructif;2;adj
instinct;2;nom
inspecteur;2;nom
insolence;2;nom
inscrire;2;ver
inquiéter;2;ver
inné;2;adj
inintelligible;2;adj
infructueux;2;adj
influer;2;ver
influence;2;nom
inflexible;2;adj
inflammable;2;adj
infirme;2;adj
infidélité;2;nom
infatigable;2;adj
inextinguible;2;adj
inexprimable;2;adj
inexorable;2;adj
ineffaçable;2;adj
indécent;2;adj
industrieux;2;adj
indulgence;2;nom
indociles;2;nr
indistinctement;2;adv
indispensable;2;adj
indiquer;2;ver
indigeste;2;adj
indifférence;2;nom
incréé;2;adj
incompatibilité;2;nom
incertain;2;adj
inca;2;adj
inanimé;2;adj
inaltérable;2;adj
inaction;2;nom
inaccessible;2;adj
impudent;2;adj
imprudence;2;nom
imprudemment;2;adv
imprimeur;2;nom
impraticable;2;adj
importun;2;nom
impoli;2;adj
implorer;2;ver
impitoyable;2;adj
impertinence;2;nom
imparfait;2;adj
immensité;2;nom
imbécile;2;nom
imaginable;2;adj
ignominie;2;nom
idiôme;2;nr
icoglan;2;nom
hôtel_dieu;2;nom
héréditaire;2;adj
hérodote;2;nr
héraults;2;nr
hémisphère;2;nom
hébreu;2;nom
humilité;2;nom
huile;2;nom
homère;2;nr
hiver;2;nom
haye;2;nr
hautesse;2;nom
hautement;2;adv
hautbois;2;nom
hardiment;2;adv
hanscrit;2;nr
hameau;2;nom
habité;2;adj
habituer;2;ver
habitation;2;nom
habillement;2;nom
gênant;2;adj
géométrie;2;nom
généalogique;2;adj
guinée;2;nom
grotesque;2;adj
grosseur;2;nom
gris;2;adj
griffe;2;nom
grenouille;2;nom
grenier;2;nom
grelot;2;nom
gravité;2;nom
graveur;2;nom
gratuitement;2;adv
graduer;2;ver
graces;2;nr
grabat;2;nom
gourmand;2;adj
glorifier;2;ver
glisser;2;ver
glissant;2;adj
gigantesque;2;adj
gentillesse;2;nom
gauchat;2;nr
garni;2;adj
gargoulette;2;nom
gardien;2;nom
galon;2;nom
fétiche;2;nom
féconder;2;ver
fâcheux;2;adj
fusilier;2;nom
furie;2;nom
funéraire;2;adj
fumier;2;nom
fuite;2;nom
fugitif;2;nom
fructifient;2;nr
frontispice;2;nom
froideur;2;nom
frissonner;2;ver
fraîcheur;2;nom
franchise;2;nom
fracas;2;nom
foutre;2;ver
fourneau;2;nom
fondu;2;adj
fondement;2;nom
fondamental;2;adj
folliculaire;2;adj
foire;2;nom
flétrir;2;ver
fluide;2;adj
florin;2;nom
fleuri;2;adj
fixe;2;adj
fiel;2;nom
ferveur;2;nom
fertilisées;2;nr
fertile;2;adj
fermier;2;nom
fermenter;2;ver
fermement;2;adv
feindre;2;ver
faux_bourdon;2;nom
faquirs;2;nr
famine;2;nom
fadeur;2;nom
faculté;2;nom
faction;2;nom
factice;2;adj
faciliter;2;ver
fabricateur;2;nr
exécuteur;2;nom
exécration;2;nom
extasier;2;ver
expérimental;2;adj
expulser;2;ver
exportation;2;nom
expiatoire;2;adj
exil;2;nom
excéder;2;ver
exactitude;2;nom
euripide;2;nr
essere;2;nr
essence;2;nom
espoir;2;nom
espion;2;nom
escorter;2;ver
escadron;2;nom
errant;2;adj
envier;2;ver
entêté;2;nom
entrouvrir;2;ver
entretien;2;nom
entrecoupé;2;adj
entrave;2;nom
ensanglanté;2;adj
enrager;2;ver
enquérir;2;ver
enorgueillir;2;ver
enoch;2;nr
ennoblir;2;ver
enluminer;2;ver
engraisser;2;ver
enflâme;2;nr
enfantin;2;adj
endurcir;2;ver
endosser;2;ver
encyclopédique;2;adj
enchanteur;2;adj
enchanter;2;ver
enceinte;2;adj
empressé;2;nom
emplaient;2;nr
emmener;2;ver
embrasement;2;nom
embellie;2;nom
embarassé;2;nr
effronté;2;nom
effigie;2;nom
efficace;2;adj
effendis;2;nr
dévorant;2;adj
détromper;2;ver
détour;2;nom
désormais;2;adv
déshonorer;2;ver
déshonneur;2;nom
déshabiller;2;ver
désespéré;2;adj
dériver;2;ver
déraisonnable;2;adj
dépravé;2;nom
déplorer;2;ver
déplacer;2;ver
dépeupler;2;ver
dépense;2;nom
dépendance;2;nom
démonstration;2;nom
démon;2;nom
démocratique;2;adj
démentir;2;ver
démence;2;nom
délivrance;2;nom
délicatesse;2;nom
délateur;2;nom
déja;2;nr
dégrader;2;ver
défier;2;ver
déduire;2;ver
dédire;2;ver
décès;2;nom
décret;2;nom
décoré;2;adj
déclamer;2;ver
décisif;2;adj
déchirerent;2;nr
décemment;2;adv
dureté;2;nom
droiture;2;nom
draperie;2;nom
dramatique;2;adj
doué;2;adj
douer;2;ver
dose;2;nom
dompter;2;ver
domination;2;nom
dominant;2;adj
doge;2;nom
dixième;2;adj
dix_neuvième;2;adj
divorce;2;nom
diversité;2;nom
diverger;2;ver
distinctif;2;adj
disproportion;2;nom
disparu;2;nom
disparoissait;2;nr
disparaitre;2;nr
disette;2;nom
discrétion;2;nom
discrettes;2;nr
discordant;2;adj
discipline;2;nom
discerner;2;ver
directement;2;adv
direct;2;adj
diligence;2;nom
digue;2;nom
différer;2;ver
diamétralement;2;adv
destructeur;2;adj
destination;2;nom
dessiner;2;ver
desquels;2;pro_rel
desquelles;2;pro_rel
despotique;2;adj
desirais;2;nr
deshonore;2;nr
dentelle;2;nom
denier;2;nom
date;2;nom
darder;2;ver
danse;2;nom
célérité;2;nom
célibat;2;nom
cédrat;2;nom
curieusement;2;adv
cure;2;nom
culture;2;nom
cultivé;2;adj
cuit;2;adj
cuire;2;ver
cuir;2;nom
crêpe;2;nom
crésus;2;nom
crépuscule;2;nom
crème;2;nom
cromwel;2;nr
croisade;2;nom
critiquer;2;ver
couvent;2;nom
courbé;2;adj
courant;2;nom
coulis;2;nom
couleuvre;2;nom
couche;2;nom
corrupteur;2;nom
corrigé;2;adj
correspondance;2;nom
cordeau;2;nom
corde;2;nom
coquille;2;nom
copier;2;ver
conversai;2;nr
controverse;2;nom
contrat;2;nom
contraster;2;ver
contradiction;2;nom
contingent;2;nom
contemplation;2;nom
contagieux;2;adj
construire;2;ver
constitution;2;nom
consterner;2;ver
conseiller;2;ver
connait;2;nr
confutzée;2;nr
conformément;2;adv
conforme;2;adj
confondu;2;adj
confit;2;adj
confirmer;2;ver
condamnation;2;nom
concours;2;nom
conclusion;2;nom
concilier;2;ver
comprimé;2;nom
compostelle;2;nr
comporter;2;ver
complet;2;adj
complaisant;2;adj
commère;2;nom
communément;2;adv
commodément;2;adv
commisération;2;nom
commentateur;2;nom
colonel;2;nom
colomb;2;nr
cogé;2;nr
coglioni;2;nr
coffre_fort;2;nom
cochenille;2;nom
cloche;2;nom
clef;2;nom
clairon;2;nom
citron;2;nom
ciron;2;nom
cicéron;2;nr
chétif;2;adj
chèvre;2;nom
chèrement;2;adv
châtier;2;ver
christianisme;2;nom
choquer;2;ver
choeur;2;nom
chittes;2;nr
chimérique;2;adj
chicane;2;nom
chevelure;2;nom
che;2;nr
chauffer;2;ver
chaudière;2;nom
chat;2;nom
chaste;2;adj
chariot;2;nom
charge;2;nom
charbon;2;nom
chaos;2;nom
chantre;2;nom
chancelier;2;nom
cerveau;2;nom
certes;2;adv_sup
censure;2;nom
celles_ci;2;pro_dem
celle_là;2;pro_dem
cavalerie;2;nom
catherine;2;nr
carrara;2;nr
carnage;2;nom
caravane;2;nom
captivité;2;nom
captif;2;adj
capitole;2;nom
capital;2;nom
cap;2;nom
canton;2;nom
canot;2;nom
canonisation;2;nom
camp;2;nom
calomnie;2;nom
calomniateur;2;nom
caleçon;2;nom
calcul;2;nom
calas;2;nr
cahot;2;nom
cadis;2;nr
cadi;2;nom
cadence;2;nom
cacheter;2;ver
cabestan;2;nom
bûcher;2;nom
bévue;2;nom
bétel;2;nom
bénarès;2;nr
béche;2;nr
bâiller;2;ver
bulle;2;nom
buffon;2;nr
bucher;2;nr
bruyant;2;adj
brute;2;nom
brusquement;2;adv
brouillé;2;adj
bronze;2;nom
brocart;2;nom
brigand;2;nom
bride;2;nom
brenta;2;nr
boyard;2;nom
bouton;2;nom
bourse;2;nom
bourrelet;2;nom
bouillonner;2;ver
bouilli;2;adj
boucherie;2;nom
boucher;2;ver
botanique;2;adj
bordée;2;nom
bonnet;2;nom
bonnement;2;adv
bonjour;2;nom
bonhomme;2;nom
boileau;2;nr
blessure;2;nom
bigarré;2;adj
bienfaisance;2;nom
bengale;2;nr
belle_lettre;2;nom
bayadère;2;nom
baume;2;nom
batavia;2;nr
bassin;2;nom
barbouiller;2;ver
barbier;2;nom
banane;2;nom
balle;2;nom
baleine;2;nom
balancier;2;nom
baissois;2;nr
bailler;2;ver
baillement;2;nr
bagatelle;2;nom
bagage;2;nom
badajoz;2;nr
aîné;2;nom
azof;2;nr
avilissement;2;nom
aveuglement;2;nom
aveu;2;nom
avantageux;2;adj
avantageusement;2;adv
avant_hier;2;adv
avancé;2;adj
auxquels;2;pro_rel
auxquelles;2;pro_rel
automate;2;nom
aumônier;2;nom
audience;2;nom
aubergiste;2;nom
au_devant;2;adv
attribuer;2;ver
attrait;2;nom
attente;2;nom
attendrissement;2;nom
athée;2;nom
astronomie;2;nom
assujettir;2;ver
assomption;2;nom
assister;2;ver
assistance;2;nom
assidu;2;adj
assemblage;2;nom
artisan;2;nom
arrangement;2;nom
aristocratique;2;adj
arioste;2;nr
argumenter;2;ver
argenté;2;adj
ardeur;2;nom
architecture;2;nom
architecte;2;nom
archidiacre;2;nom
archevêque;2;nom
aqueduc;2;nom
appétit;2;nom
approuvé;2;adj
approfondir;2;ver
appellez;2;nr
appellaient;2;nr
antéchrist;2;nom
anthropophage;2;adj
annuel;2;adj
angole;2;nr
angloises;2;nr
ange;2;nom
ancre;2;nom
anarchie;2;nom
ananas;2;nom
anacréon;2;nr
amèrement;2;adv
amusement;2;nom
amusant;2;adj
ample;2;adj
ambitionner;2;ver
altier;2;adj
altesse;2;nom
aloès;2;nom
allégorie;2;nom
allier;2;ver
alliance;2;nom
allaiter;2;ver
alimenter;2;ver
alexandrie;2;nr
alcade;2;nom
ajoûtai;2;nr
aigre;2;adj
agriculteur;2;nom
agrandir;2;ver
aggrandit;2;nr
aggrandir;2;nr
aga;2;nom
affranchi;2;nom
affiche;2;nom
affection;2;nom
adroitement;2;adv
adroit;2;adj
adoucir;2;ver
adorable;2;adj
adonner;2;ver
admirois;2;nr
admirateur;2;nom
admirablement;2;adv
administration;2;nom
adam;2;nr
actuellement;2;adv
actuel;2;adj
acquitter;2;ver
accroître;2;ver
accomplissement;2;nom
acariâtre;2;adj
absent;2;adj
absence;2;nom
abondance;2;nom
abondamment;2;adv
aboli;2;adj
abject;2;adj
abhorrons;2;nr