aider	3
matelot	8
français	10
devenir	19
janissaire	4
faible	4
liberté	8
honnête	11
tête	17
voix	6
voir	127
mauvais	13
humeur	4
cher	40
promener	5
histoire	9
chef	3
tirer	13
second	4
paraître	23
thunder	11
flamme	4
nez	6
espagnol	17
mer	14
connaissance	5
anglais	6
naturel	6
appeler	15
soldat	14
moral	5
portugal	9
voyageur	9
appartement	3
mois	11
curiosité	5
beauté	9
excellent	5
sortir	19
orner	3
naître	15
joie	7
rudement	3
route	5
fouetter	4
absolument	4
pauvre	10
provincial	3
angleterre	6
machine	3
empereur	7
consulter	4
nombre	3
mépriser	3
précipice	4
basané	4
sentir	15
banquier	3
lunette	3
voûte	3
réduire	4
peur	6
nouvelle	7
boire	10
westphalie	10
moitié	10
famille	5
subsister	3
concevoir	4
nègre	8
fin	8
mettre	58
vivre	17
hôte	7
banc	3
tremblement	7
avantage	3
espèce	10
sérail	3
doux	5
étendue	3
aide	3
langue	7
crucial	3
acteur	9
content	6
laid	8
retourner	14
valoir	17
assurer	10
disputer	10
enlever	4
rançon	3
user	3
enfuir	6
rang	5
colibri	4
amener	9
jambe	6
autrement	6
ravir	3
chanter	7
précisément	3
opéra	3
prendre	63
convenir	5
boeuf	3
aisément	7
faveur	3
dévot	4
état	19
philosophie	3
advenir	4
anabaptiste	11
don	11
quoiqu	5
paravent	3
réparer	4
certainement	5
peine	20
coeur	16
sage	8
prix	6
amiral	6
italie	9
deviner	3
fontaine	3
avouer	21
convive	5
essuyer	5
bas	5
ruine	5
public	7
occasion	3
bleu	3
médecin	7
observer	3
habit	5
guerre	14
nécessaire	4
faim	8
voyage	10
détrôné	4
sorte	3
prince	15
pirate	5
montagne	7
nature	10
terme	5
auteur	4
bras	12
cou	5
logis	4
abandonner	5
demander	35
portant	3
canapé	4
levanti	6
paradis	3
retrouver	10
parler	46
milieu	10
occuper	6
penser	17
pangloss	98
suivre	13
familier	3
barque	3
commerce	4
air	11
empêcher	6
russe	4
incontinent	3
couper	11
faux	3
vénitien	4
amour	11
hésiter	3
traiter	15
mémoire	3
voyager	4
livre	19
marcher	11
vieux	59
aise	4
rome	5
chasser	10
couleur	4
verser	7
mourant	5
vérité	13
perdre	26
manquer	12
prison	9
turquie	4
sénateur	5
regarder	23
déjeuner	4
singe	10
possible	15
fesse	5
dîner	11
auprès_de	11
musique	5
tronckh	11
honorer	3
bord	6
fenêtre	4
gouvernement	5
foi	4
présence	3
expérience	3
faiblesse	5
délivrer	4
cultiver	4
larme	15
permission	4
jacques	9
pays	45
lier	3
maître	42
lieu	6
chevalier	3
jeu	4
mériter	10
singulier	4
connaître	17
italien	3
pierre	4
arme	5
représenter	3
emporter	5
sauvage	3
seigneur	11
petit	36
voisin	9
décider	3
édouard	5
rompre	3
baguette	6
attraper	3
nu	8
dieu	24
répliquer	11
séparer	4
doute	15
guérir	8
oiseau	4
sujet	5
roi	51
corps	11
misère	7
enfoncer	5
saient	4
providence	5
donner	72
passage	3
émeraude	3
idée	9
couler	4
hollandais	11
tillac	3
coucher	5
henri	3
venise	27
souvenir	6
attentivement	6
nager	3
palestrine	3
carte	4
partager	4
allemagne	6
lever	8
attendre	18
ville	22
brave	3
détestable	4
soupçonner	3
droit	16
disséquer	4
frotter	4
rocher	5
canaille	3
extraordinaire	4
semaine	4
gorge	6
accompagner	6
poliment	4
père	35
entier	4
ciel	13
retirer	4
embarquer	8
proposer	5
pièce	11
oreille	8
défendre	3
serpent	3
univers	5
france	12
bulgare	30
volonté	3
consoler	6
ignorant	3
réflexion	4
soutenir	8
appartenir	10
sur_le_champ	5
noce	3
figure	4
soleil	3
conduire	10
rubis	3
jugement	3
cesse	3
accommoder	3
alger	4
hôtellerie	7
jurer	6
st	5
silence	3
noyer	3
pareil	4
découvrir	3
église	4
avis	6
main	20
nom	5
accourir	3
nation	5
écu	3
pendre	21
servant	4
ensemble	6
ancien	10
afrique	5
sot	3
assiéger	3
apporter	9
maudit	4
songer	6
racheter	3
figueora	3
agréable	7
quart	6
pococurante	15
principe	3
place	9
turc	11
empressement	3
tenir	16
impossible	3
orateur	3
corsaire	5
droite	3
matière	4
éprouver	11
voisinage	5
juge	6
aborder	9
trésor	4
mêler	4
douleur	8
doigt	5
profond	5
rival	3
savant	14
sublime	3
portsmouth	3
aller	96
premier	25
quartier	10
spectacle	6
forçat	4
apercevoir	15
extrême	10
suffisant	6
étendre	7
pain	7
perroquet	3
exécuter	3
étrange	7
personnage	4
affliger	3
soucier	3
bateau	3
trembler	6
fille	34
fureur	4
entendre	24
imaginer	3
malheureux	10
aventure	19
saluer	4
ibaraa	3
crime	4
joli	10
robe	7
briller	3
espérer	7
rire	8
monde	60
baïonnette	3
chirurgien	6
nouveau	12
lisbonne	9
périgourdin	11
cordelier	6
revoir	12
rade	3
arbre	4
parent	5
jeter	23
casser	3
ivan	4
pleurer	12
continuellement	3
heureux	10
horreur	8
parfaitement	4
abbé	24
vrai	14
remarquer	4
tour	5
côté	11
parcourir	3
besoin	6
seulement	10
informer	6
naissance	3
venir	38
distinguer	3
amant	6
former	6
sequin	4
ôter	3
admirable	5
mouton	31
élevé	9
amérique	4
côte	5
soin	10
canon	7
commander	4
soir	7
destinée	5
engager	6
utile	4
césar	3
fruit	4
fierté	3
charger	10
revendre	3
innocemment	3
taille	4
entourer	5
jeune	21
rivière	4
esprit	14
cayenne	3
dieppe	4
résister	3
eunuque	5
ami	22
curieux	5
accepter	3
mot	17
fortune	7
payer	18
tomber	17
laisser	20
démontrer	4
exposer	3
respect	3
livrer	3
résoudre	3
répandre	5
peuple	8
héros	5
porter	13
moeurs	6
hollande	4
transylvanie	3
innocence	3
vilain	4
escalier	3
vendre	16
remplir	3
couteau	3
surinam	8
sottise	6
allemand	10
espagne	6
enfer	4
loi	7
envoyer	13
los	5
dormir	5
écuelle	4
punir	3
répondre	44
cabinet	5
fidèle	5
dorado	5
épouvantable	7
rage	5
ennui	4
délicieux	3
présenter	12
fils	10
chambre	5
nerf	5
écrier	17
enseigner	4
château	29
craindre	5
dimanche	3
juif	17
oublier	4
discours	14
fermer	4
peau	4
prudent	4
diable	9
constantinople	13
égorger	5
voirie	3
messe	3
surprendre	4
peser	3
sixième	5
espérance	4
causer	4
endroit	3
cunégonde	125
argent	14
revenir	18
ramer	5
musicien	3
galère	8
périr	7
surprise	9
candide	372
condition	5
enchaîner	4
large	3
sang	4
sergent	3
ten	11
reine	3
fatigue	3
importer	3
gagner	10
tempête	3
écouter	9
tantôt	8
poche	3
cacambo	85
action	3
inspirer	4
élever	3
aimer	28
vin	6
approcher	17
infortuné	3
souffrir	7
planche	3
maroc	4
mort	18
inquisition	4
commencer	6
fé	7
pourvoir	3
théatin	8
dey	3
gauche	6
sauver	5
science	4
gens	26
enfant	14
visage	6
ponte	5
vaisseau	42
posséder	3
infortune	3
battre	7
buenos	13
couvrir	8
capitaine	21
sang_froid	4
âme	12
créature	5
traîner	6
étonner	14
signe	5
passager	4
mademoiselle	46
tournant	4
manière	6
prodige	4
bout	18
lire	9
compter	4
porte	18
genou	5
troisième	7
ressembler	3
noble	7
biscayen	3
excellence	5
avertir	3
pur	4
remettre	8
nécessairement	3
moyen	3
blanc	8
passer	36
merveille	3
pitié	5
saint	7
lampourdos	3
arracher	4
pari	12
part	8
bouche	4
propontide	3
incision	3
prairie	3
année	8
esclave	9
recevoir	24
frapper	5
sire	4
jour	46
frais	4
port	7
lit	7
maison	20
pardonner	3
derviche	5
province	8
plat	5
maladie	6
bâton	3
fripon	4
fond	5
produire	5
impitoyablement	3
souhaiter	3
combattre	4
justice	6
bonheur	8
plaire	14
lettre	6
prétendre	8
conclure	7
événement	3
violent	3
sanglant	4
tourner	3
voler	18
querelle	5
manger	34
art	4
matin	3
raconter	4
vertu	4
métaphysicien	3
europe	13
effet	14
attention	6
exercice	4
barrière	3
brillant	6
adorer	3
garçon	4
fesser	7
ramener	5
cérémonie	5
simple	5
précepteur	3
scène	4
village	12
secret	4
moine	8
dur	4
dame	21
demeurer	6
cinquième	4
usage	9
gageure	3
brûler	11
puissant	3
malheur	13
docteur	12
mener	34
détruire	4
arrivée	3
prouver	9
commettre	4
envie	4
bonté	4
majesté	14
soeur	21
conter	11
habiter	4
particulier	5
vanderdendur	4
témoin	3
grand	79
haut	10
arriver	33
moment	16
travers	7
maîtresse	8
marché	7
propos	5
coup	30
cour	5
régiment	3
colère	3
obtenir	3
cabaret	11
politesse	3
difficile	3
monstre	3
cul	3
lasser	4
emparer	3
affaire	9
triste	6
tragédie	9
royaume	11
compte	4
santé	4
bruit	10
cheval	13
génie	3
campagne	3
officier	7
achmet	6
frère	25
dernier	6
jouer	14
servir	19
obliger	5
religion	5
tendre	6
martin	110
rue	4
diamant	24
satisfaire	3
oeuvre	3
mascarenes	3
foule	4
fuir	4
palais	9
bientôt	12
affreux	3
café	3
plaisir	23
convulsion	3
question	4
ordonner	5
long	11
redoubler	6
pommade	3
feu	7
caresser	3
exercer	4
conseil	5
signifier	3
nourrir	3
théologie	4
monarque	3
remercier	5
meilleur	18
étranger	23
travailler	10
présent	12
virer	3
feuillée	5
rougir	5
laquais	4
armée	3
compagnie	4
rester	32
inquiétude	4
pape	6
visite	3
caillou	7
coûter	4
gouverneur	12
reprendre	16
ennemi	6
mélancolie	3
baron	55
gueux	6
marchand	9
suite	4
continuer	12
théâtre	4
continuel	3
bénir	3
garder	10
plutôt	3
apprendre	14
brutal	3
barbare	3
abominable	5
procédé	3
mulâtre	3
valet	13
troupe	4
fendre	3
égal	3
chose	33
toucher	5
damoiseau	7
manichéen	3
habitant	6
liqueur	3
muphti	3
composer	4
portugais	3
sermon	4
commun	8
galer	10
louer	9
honneur	16
secourir	4
rivage	6
tas	3
cuisine	3
procurer	3
tableau	4
souverain	7
palet	4
horriblement	5
entrer	21
philosophe	16
heure	13
tendrement	6
chien	5
avancer	5
ordre	5
acheter	8
passion	4
détrônés	3
vivant	3
auto	7
souza	3
traverser	3
rencontrer	11
tuer	37
parole	16
mode	3
raisonnement	3
expliquer	6
gondolier	4
douter	5
sentiment	3
éclat	3
désespérer	3
paqueter	17
moquer	3
cause	11
nuit	5
temps	29
quatrième	6
oeil	27
cri	8
cadix	7
conversation	5
mourir	26
fait	4
permettre	4
bouquet	3
écrire	9
fou	5
bois	3
émouvoir	3
chagrin	3
patron	18
vie	19
carrosse	3
âge	7
bel	4
commandant	11
carnaval	10
prodigieux	3
ramasser	10
congé	4
coquin	6
physique	8
ruisseau	3
transporter	4
salle	4
serment	3
combat	4
orné	3
âgé	4
proférer	3
dent	4
loger	3
bordeaux	8
reconnaître	3
charles	5
révérend	14
rouge	10
sourire	3
noir	14
trône	3
rendre	19
libre	5
courir	14
beau	67
trouver	50
compagnon	4
prêt	8
partie	8
partir	21
agité	4
cacher	3
violer	10
jardin	8
chemin	7
injustice	3
horrible	10
déterminer	6
péché	4
plaindre	6
attaquer	3
lumière	3
instant	3
quitter	6
dévorer	5
figurer	3
épouser	14
inviter	4
vent	4
harmonie	4
juger	4
métairie	6
table	17
enterrer	5
vieillard	13
chapitre	32
immense	3
raisonner	10
piquer	3
giroflée	9
sultan	6
sucre	3
riche	5
ventre	5
aussitôt	14
accabler	4
raison	20
goût	9
gros	12
préparer	5
sauter	3
padres	5
mère	20
métier	7
funeste	3
chocolat	4
remonter	3
issachar	9
crier	9
misérable	6
patrie	5
souper	23
femme	32
provision	4
eldorado	13
monnaie	3
voile	7
exempt	6
mitre	3
abares	5
inquisiteur	21
pied	27
abîmer	3
prêtre	7
oser	9
fernando	3
prier	7
ordinaire	3
épée	8
flotte	3
page	3
recommander	4
domestique	7
broche	5
empire	5
jésuite	32
charmant	4
terre	39
ayres	13
pierreries	7
système	3
dégoûter	6
oreillon	8
persuader	3
poète	5
humblement	3
ouvrir	7
renverser	4
pistole	3
désespoir	6
nommer	11
vizir	3
achever	6
prononcer	3
benito	3
offrir	6
promettre	4
humain	3
embrasser	13
chrétien	8
général	9
eau	5
baiser	9
marquis	10
placer	3
marier	3
cruel	3
inconnu	3
fameux	3
jouir	3
chercher	5
iman	4
agir	3
paraguay	5
lieue	8
monter	5
seul	10
arrêter	8
homme	103
dessein	3
andalou	6
fois	25
repas	6
baigner	5
aviser	3
saisir	5
piastre	15
évanouir	3