grossier	13
devenir	97
puéril	10
janissaire	4
crédule	3
socrate	3
bile	3
considérable	4
humeur	12
champêtre	3
tirer	28
second	7
muet	6
divertissement	4
chine	9
cadavre	12
connaissance	30
naturel	29
étoile	6
prêcher	7
désolé	3
unir	11
brûlant	6
voyageur	12
menacer	5
sortie	3
beauté	19
sortir	74
précipiter	8
orner	6
commentaire	3
héritier	5
majesté	24
rayon	13
provincial	5
angleterre	21
machine	7
destiner	13
méchant	14
vanderdendur	4
combler	4
souci	5
sentir	82
céleste	7
voûte	10
substituer	6
peur	11
boire	24
borné	8
éclat	16
doré	8
légitime	5
caractère	33
nègre	11
fin	26
fil	4
recours	3
éloigner	22
hôte	14
décent	3
touchant	18
député	5
espèce	50
aigle	5
gravement	4
valoir	31
assurer	23
bossuet	4
confus	5
mademoiselle	46
paresse	5
rempli	9
singulièrement	4
service	7
entrevoir	3
xiv	7
toit	4
pencher	5
faubourg	4
corne	3
opprobre	9
paraguay	7
éternel	29
spacieux	5
faste	7
hymen	4
affaire	22
imprudent	3
confondre	10
purger	4
paravent	3
pompeux	5
relever	11
thunder	11
réparer	8
chef_d_oeuvre	6
prix	18
écouler	5
insecte	3
toucher	22
environner	23
milton	4
impôt	6
net	3
reposer	16
fleurir	3
bleu	7
guerre	32
bled	4
patiemment	3
faim	18
haïr	7
pirate	5
nature	115
souvenir	14
accident	6
logis	5
étourdir	3
demander	73
jeton	3
revivre	3
vain	17
encyclopédie	3
innombrable	7
peintre	9
union	4
parler	119
penser	71
suivre	47
barque	4
substance	4
emploi	15
commerce	19
tête	89
confiance	10
empêcher	15
opulence	7
pauvre	42
peindre	18
voyager	10
marcher	50
maxime	5
couleur	22
renouveler	4
fréquenter	6
tronc	13
embaumer	3
contribuer	4
innocent	12
prison	17
détacher	4
turquie	6
possible	26
hôtel	5
poser	4
unique	7
dîner	19
fournir	10
auprès_de	16
échelle	3
briser	12
fanatisme	7
fou	11
détester	3
foi	11
descendre	29
expérience	13
faiblesse	20
délivrer	11
présence	21
défenseur	5
mollah	3
sol	11
respectable	15
sot	12
singulier	10
conducteur	3
goutte	5
creuser	4
creuset	3
moderne	8
conséquent	9
facilité	4
tarder	7
édouard	5
longueur	4
transporter	11
fastueux	3
fureur	20
corps	55
pâle	6
crocodile	3
chair	3
dérober	5
habile	11
émeraude	3
crible	3
fatiguer	14
conquête	3
exact	6
minute	3
échauffer	8
venise	28
distraire	3
nager	5
palestrine	3
cantique	5
prévoir	5
soupçonner	7
droit	45
rocher	11
savamment	3
canaille	3
mutuel	6
renoncer	5
moliere	6
imiter	9
poliment	9
queue	4
colonne	13
poursuivre	12
coffre	5
figueora	3
oreille	30
opposer	8
volonté	11
apparent	3
consoler	12
ignorant	9
perpétuellement	3
soutenir	28
vraisemblable	3
académie	27
rivage	9
admirer	20
caresse	3
tristement	8
convaincre	7
jurer	7
st	11
privé	6
noyer	6
suprême	13
course	5
taire	5
pareil	20
tache	5
expier	3
troubler	4
inquisiteur	22
tort	5
avis	9
infini	14
nation	72
pendre	23
mépriser	13
assiéger	8
formule	3
lisbonne	9
arcade	5
aveugle	8
protéger	3
pologne	3
corsaire	5
propreté	5
magnifique	13
éviter	6
advenir	4
mêler	17
douleur	27
plein	35
profond	35
bannir	14
rival	12
savant	39
favori	3
robuste	3
abattre	10
aller	190
aïeul	4
financier	4
forçat	6
masse	11
cité	6
perdre	76
embraser	4
abus	14
trembler	15
vaste	39
cochon	6
infaillible	3
imaginer	18
semaine	5
meilleur	39
presse	7
différent	18
robe	18
actif	6
bassesse	6
dispute	10
assistant	4
retraite	3
établir	11
monde	132
baïonnette	3
dominer	3
révoltant	5
héroïque	3
fable	8
désert	7
sable	4
horreur	25
remarquer	23
expression	8
effroi	10
besoin	43
article	6
seulement	27
délicieux	10
bachas	3
former	56
admirable	14
blanchir	3
situation	5
gaieté	6
canon	12
déplorable	8
engager	10
adorateur	3
compatriote	10
muphti	3
équipage	5
ardet	4
concentrer	5
plainte	4
feuillée	6
successeur	3
figuier	5
accoutumer	11
esprit	91
dieppe	4
instrument	11
spectateur	7
succès	6
pente	4
armée	7
montesquieu	4
tomber	66
désordre	6
aurele	4
hâter	9
laisser	54
déchirer	10
répandre	23
gueux	6
moeurs	26
hollande	6
génération	5
sérail	5
retracer	3
frémir	6
autel	5
image	22
surinam	9
allemand	12
italie	14
futile	6
dormir	13
répondre	123
rage	15
ruse	4
abuser	19
récompense	12
présenter	66
chaîne	11
jargon	3
borne	12
dépendre	6
prétexte	3
herbe	4
terre	105
crédit	4
guérison	3
égorger	10
original	4
sixième	5
content	10
vieil	4
épuiser	7
nord	6
distinctement	6
projet	15
surprise	18
condition	6
large	11
sang	32
funèbre	11
prosterner	8
animer	13
réconnaissance	9
apprêter	3
fleur	20
jusques	5
gagner	21
volontairement	7
in_folio	3
espace	9
perse	8
élever	37
vif	14
vie	101
vin	17
vil	18
entreprise	3
ordinairement	6
gratuit	3
mort	102
pourvoir	9
théatin	8
science	34
insatiable	3
crainte	20
ténèbres	10
merveilleux	12
ponte	5
gosier	3
illustre	6
infortune	4
résigner	3
appanage	3
créature	10
ornement	11
révolter	3
signe	14
passager	12
attitude	5
possesseur	4
renommée	5
idole	4
subir	6
genou	11
médecine	6
fouiller	5
parfum	5
dégoûtant	4
gâter	5
inconcevable	7
exprès	3
comprendre	11
reparaître	3
orage	9
forêt	11
exquis	3
murmurer	6
patience	13
nécessairement	8
ressentir	5
jeu	14
merveille	11
terminer	3
saint	25
dépens	3
rassembler	15
chapelle	3
enhardir	3
ramener	9
passant	3
servitude	7
frais	12
mélancolique	3
probité	6
dernier	36
leçon	8
entreprendre	6
plat	12
plan	8
flambeau	19
paupière	3
produire	27
occupation	4
lettre	36
tendrement	7
ingrat	6
recherché	4
cri	33
seconde	8
anglois	10
sec	7
sel	4
contour	3
indifférent	5
hauteur	5
compliment	4
europe	29
éclaircir	3
médaille	4
triomphant	3
recherche	7
édifiant	3
garçon	4
erreur	21
soupir	4
souffle	10
portail	3
extravagant	9
demeurer	16
abolir	3
presser	5
coton	3
malheur	34
grand_prêtre	8
prérogative	3
vol	6
serein	5
épais	8
mouche	4
habiter	14
créateur	19
cuisine	4
nécessité	6
consacrer	12
historique	3
témoin	7
nécessiteux	3
satyre	4
librement	5
opinion	14
accrocher	3
approfondi	6
évêque	8
réunir	14
obtenir	12
pudeur	4
sandal	3
hôpital	7
retrouver	16
cordon	3
conséquence	3
tragédie	21
victime	7
santé	16
bruit	28
dépôt	5
marquer	10
imposer	11
ivan	4
officier	12
observatoire	4
société	30
frère	49
accommoder	5
indigent	5
proche	4
patrie	34
religion	23
métal	4
corrompu	4
temple	23
directeur	4
contempler	15
appartenir	24
méthode	3
foule	35
bientôt	32
affreux	24
volcan	3
redoubler	9
exercer	16
nourrir	17
anabaptiste	11
insultant	3
succéder	8
éclairé	18
charmer	5
épaule	7
jalousie	6
char	6
considérer	17
césar	6
rougir	16
gravure	5
maturité	3
caillou	9
oracle	3
code	4
spéculation	3
entendement	5
magique	3
percer	11
découverte	19
siffler	4
millier	7
torture	4
continuer	24
continuel	5
garder	35
académicien	16
manoeuvre	3
poitrine	3
race	11
feuillage	7
apparence	5
fidélité	4
raisonnablement	3
laboureur	4
ambre	3
originel	3
seine	4
inventer	3
inondation	3
orphelin	4
sire	5
londres	10
commun	32
à_coup	10
lugubre	7
intéressant	9
sommeil	15
entrailles	8
honneur	45
procurer	10
tableau	32
animal	24
souverain	43
palet	4
intelligent	6
cristal	3
arrêt	8
horriblement	5
pasteur	9
pyramide	6
classe	9
escalier	4
lâcher	5
secouer	5
immoler	3
transparent	3
bas	29
tracer	8
panier	3
agriculture	4
populace	3
boutique	6
désespérer	3
paqueter	17
temps	152
loisir	5
façon	7
fait	18
montaigne	3
opérer	6
chagrin	7
faix	6
quoiqu	11
malade	14
commandant	12
torrent	6
autoriser	3
agiter	7
marais	4
audace	6
noblesse	8
séance	3
dette	3
avance	9
hypocrite	3
incessamment	3
face	16
pénétrer	19
fourbe	3
estampe	5
hollandais	11
irriter	3
anneau	3
noir	29
planter	7
édit	5
couvriroit	3
montrer	32
prêt	19
encens	4
sévère	8
favoriser	8
acheter	15
jardin	25
cercueil	6
injustice	7
florissant	4
soumettre	17
vanter	3
tenter	4
abbé	29
attaquer	9
quitter	15
etc	9
figurer	6
inviter	11
règle	3
vieillard	25
chapitre	82
féroce	4
soulier	3
acclamation	4
radieux	6
infinité	3
retenir	7
éléphant	7
ombre	18
chapeau	13
raison	67
rêve	8
padres	5
chinois	3
annoncer	21
issachar	9
hydre	3
alliage	3
misérable	32
tourment	5
danser	5
politique	21
eldorado	13
exempt	6
abares	5
haut	39
passable	4
monstrueux	4
durer	3
volupté	8
étouffer	9
rétablir	4
oser	42
mélancolie	4
épée	9
flotte	3
clémence	11
physionomie	11
pandects	9
négliger	4
ballot	3
transport	11
passion	33
dangereux	29
fondre	3
mosquée	5
lune	8
puiser	3
achever	17
caractériser	3
perfectionner	17
embrasser	31
placet	4
placer	16
proverbe	3
profusion	6
aussitôt	23
broder	6
préserver	6
seul	84
décence	3
comparer	4
craient	3
débat	3
muséum	3
piastre	15
syllabe	3
frappant	3
odieux	7
obéissance	3
léger	15
harmonieux	4
honnête	22
compassion	4
aurore	7
bourreau	5
courrier	3
jaloux	17
cher	62
rouer	3
chef	33
salutaire	18
espagnol	20
tourmenter	8
destinée	7
télescope	4
appeler	35
brame	10
énergie	7
distingué	6
invoquer	3
serpent	5
législateur	7
indien	27
françois	18
nombre	33
épouvanter	5
stupéfait	3
tremblant	4
lunette	3
salon	13
réduire	12
office	3
rire	26
ériger	3
modeste	6
concevoir	18
production	9
exhaler	4
remède	7
extase	3
affecter	9
chérir	9
banc	4
jettait	3
mollesse	4
opposé	7
écrire	48
statue	18
gemna	3
comble	5
enchanté	5
disputer	20
enlever	11
rançon	3
caprice	4
semence	3
considération	3
intègre	3
enrichir	5
autrement	8
diadème	5
censeur	4
chanter	13
confier	10
prendre	129
inouï	4
boeuf	8
cruellement	3
forcer	16
démêler	4
éclater	4
manifester	3
revêtir	12
état	101
plaindre	14
grave	9
pesanteur	3
notion	5
ordonnance	6
isoler	4
variété	4
création	6
maudire	3
avouer	32
racine	11
médecin	19
observer	13
impur	3
séduire	5
pavot	6
introduire	5
accord	5
terme	14
auteur	60
bras	36
sorbon	4
cou	7
tempérance	3
délicat	6
exilé	4
paradis	4
contemporain	7
adversaire	3
familier	3
appui	4
paraître	78
voeu	12
accablant	3
appartement	14
coupable	28
réserver	4
indigence	5
dessécher	5
clouer	3
glacé	3
fastidieux	4
pistolet	3
néant	9
palpable	3
éclair	7
humble	4
forteresse	5
impertinent	3
occuper	22
sénateur	6
fesse	5
développer	4
animé	8
antique	17
flatter	14
pleinement	4
honorer	20
séjour	12
critique	6
bord	17
cultiver	11
écharpe	3
larme	38
horizon	8
jacques	10
prodigue	4
pays	67
déposer	8
profession	5
balancer	6
démarche	3
formidable	5
décorer	4
connaître	66
sûreté	7
allégresse	5
pont_neuf	4
braver	3
emporter	21
repartir	7
seigneur	23
conserver	31
peupler	8
commencer	20
intarissable	3
baguette	6
attraper	3
ministre	17
supérieur	6
troupe	14
guérir	17
bibliothécaire	5
sujet	36
redouter	9
rentrer	17
donner	213
idée	74
honte	20
division	3
laideur	3
trouble	5
insigne	3
fragile	6
partager	21
affermir	4
brave	4
détestable	8
secourir	5
prêter	9
prairie	5
frotter	5
ouvrage	52
supporter	4
principal	10
demeure	11
gorge	8
adresser	6
domaine	5
exterminer	3
ciel	54
attentat	5
retirer	16
embarquer	14
rassurer	3
pièce	33
bulgare	30
avarice	6
soupirer	8
éducation	8
finir	12
réflexion	14
cas	15
sur_le_champ	5
imprimer	21
fortifier	4
abord	8
noce	4
superstitieux	4
carrefour	3
avilir	11
alger	4
sacrifice	4
héritage	3
sembler	58
avidité	7
redoutable	5
divin	10
découvrir	36
forme	23
nom	61
surpasser	8
provision	7
lier	14
servant	4
journalier	3
hymne	3
immortalité	6
applaudir	8
clarté	7
quart	9
obligation	4
ronger	3
fonder	17
semblable	13
tenir	59
xl	3
impossible	9
xv	7
manuscrit	3
aumône	4
éprouver	19
proportionné	3
juge	25
trésor	16
incroyable	5
sublime	24
portsmouth	3
postérité	13
premier	88
tôt	6
débarrasser	3
apercevoir	64
préférer	5
déguiser	9
rideau	4
ligne	5
extrême	24
étendre	31
chef_d_oeuvres	9
étrange	9
disperser	4
suffisant	9
entendre	75
éclatant	6
disparaître	14
malheureux	52
secrétaire	4
saluer	9
palpitant	3
infâme	4
proportion	4
joli	16
briller	12
galerie	10
rejeter	4
persan	4
dictionnaire	3
amoureux	6
concert	5
voisinage	7
conservateur	5
justifier	4
gazette	5
mandarin	5
pleurer	30
virgile	6
oraison	7
paisible	10
heureux	71
garde	8
parfaitement	11
inutile	12
vrai	49
près_de	10
mont	4
stupide	3
malfaisant	3
intervalle	3
fidèle	17
informer	11
constantinople	15
amant	10
argent	34
rapporter	12
élevé	32
omrahs	3
rafraîchissement	3
amérique	10
soie	3
soif	3
paisiblement	5
soin	37
commander	9
soir	15
utile	48
opiniâtre	4
défunt	3
noble	29
fruit	23
fierté	4
tradition	3
charger	40
majestueux	12
revendre	3
innocemment	3
taille	7
européen	6
avare	7
effroyable	3
dépouillé	4
absoudre	3
ami	56
envie	12
gloire	40
sacrifier	5
communiquer	12
fortune	21
friponnerie	3
miracle	10
xviii	3
degré	23
servile	3
instituer	4
exposer	16
zèle	10
résoudre	8
héros	18
dépouille	6
innocence	9
vilain	7
déplaire	3
fortuné	8
persécuter	6
assassin	3
vendre	23
remplir	37
indou	3
sottise	15
plaider	5
loi	96
los	5
écuelle	4
punir	18
masure	3
dorado	5
circulation	7
lumineux	8
chambre	8
ventre	5
arabe	3
nerf	7
écrier	33
craindre	27
dimanche	3
pensée	32
juif	22
fermer	20
registre	4
peau	6
corbeille	6
repas	11
messe	4
espérance	12
pauvreté	5
embarras	6
retomber	6
cunégonde	125
exemplaire	5
vert	8
galère	8
candide	373
louis	14
excès	7
follement	4
respectueux	6
fléau	11
conscience	6
dissertation	4
mesquin	3
aile	11
sucre	11
flottant	4
circuler	3
converser	8
laborieux	6
soulager	8
tranquille	9
flatterie	3
contraire	20
merveilleusement	3
inspirer	21
laver	7
appuyer	7
aimer	81
approcher	41
respecter	17
supprimer	3
réalité	3
fé	7
récompenser	9
gauche	11
amitié	9
visage	20
posséder	11
suivant	27
sillon	3
fardeau	8
calme	9
vigilance	3
couvrir	47
capitaine	22
sang_froid	7
instruire	13
indigestion	4
réel	14
changement	7
lire	52
superbe	15
payer	37
excellence	9
issue	3
avertir	5
base	8
pur	40
pus	6
terrible	21
rameau	3
liaison	3
altérer	3
enthousiasme	4
renfermé	5
subtil	4
entrée	11
pitié	14
glorieux	5
véritable	20
imposteur	3
fossé	3
rente	3
grec	10
organe	7
frapper	38
antiquité	11
jour	160
impuissant	3
lit	26
introducteur	6
foudre	7
purement	3
promenade	4
logique	3
haleine	3
languir	3
impitoyablement	4
combattre	15
justice	39
familiarité	3
poil	3
docile	3
conclure	10
événement	9
délit	5
vestibule	7
double	6
voler	28
imposant	6
médiocre	4
condamner	15
portrait	13
souper	27
effet	46
drapeau	4
exercice	6
invisible	4
superstition	12
adorer	27
remédier	3
habitude	4
dame	23
iman	4
grille	3
docteur	98
guide	22
sombre	7
prouver	19
conter	11
particulier	52
grand	263
chameau	3
bienfait	5
tellement	4
user	7
coup	74
cour	12
cervelle	4
régiment	4
ignoble	4
pékin	3
marque	16
lasser	5
noblement	3
triste	30
libraire	3
royaume	37
oubli	5
convertir	3
signal	6
génie	52
résonner	3
parade	4
universel	24
jouer	37
orgueil	32
ouvert	8
providence	14
jouissance	6
tendre	20
mensonge	7
rue	21
défendre	22
poudre	6
sueur	6
mascarenes	3
absurde	6
silence	26
désoler	3
maudit	9
déranger	4
caresser	5
attendrir	10
monarque	47
tourbillon	3
étranger	64
fécond	8
abonder	3
naissance	5
déclarer	6
chimère	6
virer	4
objection	5
révérence	3
drap	3
désespoir	11
insipide	4
visite	9
fosse	5
interrompre	10
gouverneur	14
rencontre	13
reprendre	61
proposition	4
apparemment	3
meurtrier	5
jeunesse	7
baron	55
attirer	14
débiter	5
effort	20
marchand	15
procès	5
malheureusement	4
suite	21
traîner	13
cultivateur	3
apprendre	50
barbare	28
ardent	7
procédé	3
mulâtre	3
indigne	3
valet	17
témoignage	4
égal	23
sécher	5
sûr	11
papier	10
envieux	3
forfait	5
chant	9
gens	81
plaisanterie	4
bonheur	50
danger	6
portugais	4
français	23
titré	4
équivoque	4
lointain	3
louer	13
porteur	7
risque	4
vigne	3
titre	25
trahir	3
fouler	3
entrer	65
heure	42
fleuve	13
désirer	9
resserrer	4
détrônés	3
féliciter	3
révérer	3
sévèrement	3
tribut	13
également	14
rencontrer	35
éveiller	4
représentant	3
abîmer	3
imprimerie	4
cuisinier	3
discorde	6
mode	10
avocat	5
globe	16
nommer	28
suspendre	3
trompeur	3
douter	7
embellir	4
précipitamment	4
cause	33
flamme	11
comique	7
printemps	4
route	19
débauche	4
université	5
lancer	4
sacré	26
différemment	3
durable	3
adopter	8
chirurgie	3
coquetterie	3
égypte	3
âge	42
bel	15
comparaison	7
délice	4
qualité	10
congé	5
border	4
jaune	7
trompette	6
choisir	11
physique	25
singe	10
chasse	4
expirer	7
envain	3
vengeance	13
réfléchir	7
attentif	8
âgé	4
inde	30
bordeaux	8
impression	8
platon	4
élancer	16
sourire	17
perle	6
employer	3
libre	26
courir	33
chéri	3
admettre	5
souveraineté	3
accuser	9
étroit	10
bramine	3
varié	6
pousser	8
sincère	7
horrible	27
péché	6
monument	20
traduction	3
lumière	35
limite	3
étourdi	3
harmonie	9
genre	23
étrangler	4
enterrer	7
pérou	4
immense	22
royauté	4
piquer	6
carrière	6
examiner	10
surface	3
époux	12
révolution	11
destruction	8
vigoureux	6
prier	26
purifier	5
femme	101
vide	7
mitre	3
indignation	3
versailles	4
précepteur	6
pensionné	3
proprement	4
extrêmement	6
dépouiller	5
prêtre	18
région	4
fernando	3
illusion	6
descendont	5
martin	110
adjuger	3
vaincre	3
vraiment	9
honteux	10
froidement	4
charmant	11
cupidité	3
journal	3
dégoûter	9
peinture	8
littérature	5
oreillon	8
esclave	29
artiste	9
enfermer	8
éloquent	9
prononcer	16
offrir	33
dissiper	6
simplement	3
masque	5
astre	7
trône	45
piller	3
désir	14
baiser	16
niveau	3
cruel	32
signer	3
inconnu	15
jouir	29
chercher	52
utilité	3
calculer	3
infamie	4
saigner	3
folie	8
arrêter	37
chemise	4
futur	4
envisager	4
andalou	6
fois	86
baigner	8
tasse	4
portion	6
étonnant	21
commencement	5
aider	6
délier	3
offenser	4
brûler	36
abri	8
siècle	97
voie	6
vase	3
voix	73
voir	439
risible	8
solution	4
vainqueur	9
embouchure	5
force	55
promener	18
histoire	41
fréquemment	4
asie	4
pédant	3
nez	9
reprocher	4
chaleur	6
propre	42
mer	34
intimider	3
intrigue	3
soldat	20
moral	18
arme	16
circonstance	3
curiosité	16
dogme	3
agréable	17
estimer	14
solitaire	12
ensuivre	6
climat	5
absolument	14
dôme	6
suisse	3
colonie	3
polir	6
prévenir	14
daigner	12
tombeau	17
appareil	3
moitié	18
famille	24
émaner	7
subsister	10
absolu	8
vivre	58
sceptre	9
couronner	20
réforme	3
décousu	3
doux	57
furieux	3
aide	6
créer	13
langue	38
crucial	3
acteur	16
retourner	18
nourriture	5
sauver	17
loup	4
entraîner	10
fondemens	3
enfuir	6
colibri	5
heureusement	7
croître	6
enfanter	6
véritablement	4
école	7
contrôleur	3
bienfaiteur	5
ravir	5
ennuyer	9
précisément	5
opéra	12
pluie	8
distance	11
tonnerre	9
refleurir	3
mine	11
consolant	7
faveur	16
terrestre	3
mouton	31
somme	7
aborder	10
don	21
observation	4
dix_huitième	4
dos	4
paysan	8
certainement	6
consumer	10
dot	4
étincelant	4
deviner	8
athènes	3
convive	6
essuyer	7
traverser	12
entretenir	16
bibliothèque	11
pressentir	3
voyage	19
détrôné	4
sain	8
sorte	26
branche	8
continent	3
divinité	9
exécution	9
attribut	6
momentané	3
ignorance	11
motte	4
cousin	3
estimable	4
abandonner	28
bienfaisant	4
distinction	7
portant	4
rendez_vous	3
constamment	4
remords	7
cachot	4
milieu	42
puissance	14
monstre	16
regretter	4
fortement	6
servir	76
ancêtre	6
incontinent	3
iv	8
ii	6
amour	43
hésiter	4
insensé	7
traiter	34
livre	85
manche	4
vieux	79
ici_bas	4
approbation	5
rome	16
charrue	3
contenir	14
assigner	3
sentence	3
apaiser	4
imbécille	6
verser	20
royal	25
regarder	59
déjeuner	7
mesure	9
musique	16
assassiner	3
canne	7
méditer	7
fenêtre	4
fouet	6
recueil	3
carte	6
extraordinaire	8
vanité	9
marquis	10
éternité	5
renaître	5
fermeté	3
désastre	5
dignité	13
sallons	3
palmier	3
estomac	9
lien	8
fumer	4
maître	80
lieu	68
amsterdam	3
personnage	10
effacer	12
aliment	8
chevalier	3
affliger	10
pierre	19
diviser	10
humilier	4
attacher	21
petit	99
décider	11
rouge	27
dieu	143
russe	4
magnificence	12
rêver	4
religieux	7
libertinage	3
céder	9
ciseau	3
misère	20
saient	13
ravissant	3
funeste	21
battre	15
mécontent	3
mutuellement	5
grimace	3
attendre	47
ville	97
clerc	3
ceindre	3
accompagner	17
voiture	11
dénaturer	3
père	76
insolent	9
prélat	11
exemple	40
univers	29
france	21
comédien	4
repos	10
clair	8
sénat	11
sophocle	3
conduire	27
arroser	7
jugement	6
perfide	6
hôtellerie	8
gros	29
frivolité	3
solliciter	6
facile	11
intérêt	30
tragique	7
licencieux	3
hausser	3
police	6
allumer	16
négociant	3
ours	3
main	122
finance	4
trépas	10
ancien	54
précipice	5
agir	20
homme	497
canada	3
convulsion	3
songer	21
dépenser	7
ressusciter	4
tigre	7
principe	21
contenter	6
empressement	5
imitateur	3
orateur	11
vallon	6
chanson	5
plaine	3
feuille	11
vénal	3
tendresse	10
concitoyen	6
doigt	8
gré	6
corneille	14
spectacle	31
situer	8
pain	14
paix	15
bâtiment	5
coloris	4
digne	31
soucier	4
fille	45
muraille	10
aventure	21
germe	6
plume	13
air	58
suffisamment	4
espérer	15
nouveau	64
débarquer	4
westphalie	10
revoir	14
rade	3
arbre	36
parent	12
modèle	3
gage	6
fâcher	6
continuellement	4
écarter	6
mathématique	5
bête	3
tour	39
précis	4
capable	3
côté	51
parcourir	17
générosité	6
sensible	23
marc	7
mari	7
aimable	9
sitôt	3
présent	34
teint	3
sagesse	14
ôter	11
coco	4
côte	8
destin	7
téméraire	3
édifier	4
cabane	14
ministère	3
artificiel	3
intéresser	11
régner	33
rimer	3
commode	6
tempérament	8
consister	4
faible	28
indépendant	3
haine	8
intime	8
entourer	17
gange	13
aspect	12
rivière	6
jaillir	3
cayenne	3
perte	6
eunuque	6
mot	63
journée	3
rappeler	8
sommet	13
rester	87
livrer	21
correspondre	3
soigneusement	3
violence	5
souple	3
couteau	3
engloutir	8
cercle	8
blesser	5
dessin	4
souiller	5
douloureux	4
siège	8
laine	4
poème	6
industrie	11
vice	16
arranger	6
venir	148
fils	35
giroflée	9
clairement	3
personnel	3
château	39
important	19
prudent	5
caste	11
surprendre	12
noeud	6
anglais	37
victoire	3
revenir	42
initier	3
ramer	6
ossement	4
fauteuil	8
étaler	5
endurer	4
gracieux	4
perspective	5
affable	9
révéler	7
tranquillité	3
public	87
ranger	4
conte	6
tantôt	24
cacambo	85
palais	41
armer	7
gouverner	11
despotisme	10
souffrir	19
distinct	4
planche	6
maroc	5
criminel	16
extrémité	8
dey	3
hâte	3
homicide	5
récit	4
sanctuaire	4
rapport	9
abjurer	3
acte	4
venger	4
âme	121
douceur	14
décharné	3
charme	12
déployer	3
chute	4
mortel	12
frivole	5
évidence	5
existence	7
insensiblement	3
tournant	6
difficulté	10
reculer	6
compter	13
porte	86
rigueur	3
président	5
repousser	9
miroir	4
troisième	13
oeil	153
teinte	3
hommage	8
orient	4
célèbre	5
veille	11
disposition	4
remettre	20
oisif	7
conférer	3
prière	11
charité	7
lueur	4
privilège	4
pari	32
part	29
favorable	6
atteindre	10
supplice	12
supposer	8
incision	3
année	43
protecteur	3
recevoir	73
ramper	3
berceau	7
province	25
successivement	3
maladie	20
charitable	7
fripon	6
abréger	5
végétal	3
plaire	34
perçant	4
parlement	5
permission	6
sapin	3
prétendre	17
courage	21
doubler	4
diriger	7
souffler	3
lion	3
sexe	7
inhumain	3
volumineux	3
métaphysicien	3
guère	6
mépris	14
bourg	3
transmettre	4
pagode	17
joindre	10
brillant	27
sultan	6
cérémonie	11
blâmer	3
simple	51
modestie	4
maussade	3
secret	30
patriarche	3
cinquième	6
adresse	6
gai	4
puissant	13
mener	37
orgueilleux	10
aujourd	3
portugal	9
bonté	17
soeur	27
vulgaire	9
vêtement	8
moment	44
parfait	4
oeuvre	15
travers	15
maîtresse	9
enflammer	7
obscur	14
voiler	7
exciter	3
source	22
cul	4
écraser	14
emparer	5
reconnoitre	3
compte	13
incendie	7
bambou	5
exactement	3
inhumanité	3
sequin	4
attendrissant	3
enfance	4
obliger	18
drame	3
fuir	18
renfermer	14
café	4
infecter	3
parer	11
citoyen	58
avenir	4
feu	32
conduite	6
conseil	7
plutôt	28
théologie	9
irrévocable	3
couchant	3
travailler	21
planer	3
exclusivement	3
possession	8
consulter	15
essayer	3
parterre	3
secousse	3
ruban	4
voltaire	8
remuer	4
excuser	4
inquiétude	7
pape	8
naturellement	6
affaiblir	6
lent	6
oiseau	13
écrivain	30
amuser	13
justement	7
ennemi	17
graver	13
océan	6
fatal	6
objet	34
dessert	3
opprimer	4
bénit	3
étudier	3
bénir	10
obéir	7
représentation	4
fonction	5
tambour	4
fendre	5
troupeau	5
vaient	4
damoiseau	7
talent	16
manichéen	3
iniquité	3
envelopper	3
liqueur	7
employé	6
extravagance	7
composer	29
ressource	6
sermon	5
unanime	5
étonnement	8
trait	27
billet	4
iii	4
échapper	20
corrompre	9
égarer	9
origine	9
glaive	12
rousseau	6
collection	5
philosophe	29
chien	13
gondolier	4
décéder	6
recueillir	12
vivant	25
plaintif	4
endormir	9
dicter	5
tuer	45
assemblée	24
expliquer	13
mariage	6
corriger	7
confrère	5
lecture	8
franc	3
serré	4
modéré	3
parvenir	9
ajouter	18
mourir	49
fatigue	7
édifice	15
publier	9
embarrasser	3
exiger	5
natte	10
lamentable	3
émouvoir	8
franchir	5
quatrième	7
magistrat	12
collège	6
visiter	6
chevet	3
fumée	4
tromper	23
paquet	3
chaise	4
salle	34
serment	10
tapis	4
oisiveté	10
auberge	3
emprunter	4
calamité	7
accumuler	6
éloge	10
occasion	7
reconnaître	31
appliquer	12
charles	8
cuivre	3
beau	153
perfection	20
rudement	3
joug	7
fixer	10
cachet	6
sensibilité	7
cacher	28
national	4
rejoindre	3
déterminer	11
prescrire	3
pavé	4
ressort	9
instant	26
splendeur	4
épouser	21
vent	8
métairie	6
soulever	6
transylvanie	3
basané	4
mensonger	4
annonce	6
plaie	5
respecté	3
imagination	8
auguste	34
bosquet	3
traduire	5
éclairer	20
palpiter	4
prose	3
arabie	3
goût	35
auto	7
moyen	33
mourant	8
cimetière	3
effrayant	7
attrister	3
front	32
humide	3
monnaie	4
étoffe	6
épitaphe	3
vivacité	3
arpent	4
faiseur	3
ordinaire	9
recommander	7
broche	5
là_haut	5
système	13
jurisprudence	6
théologien	4
jésuite	36
pierreries	7
dégoût	7
punition	7
empreinte	9
ouvrir	42
renverser	12
parnasse	3
vizir	3
colifichet	4
manteau	6
décision	3
promettre	9
but	12
suffire	14
sein	26
fameux	21
abondant	6
collier	4
monter	41
pantomime	3
précédent	4
dresser	10
triomphe	5
dessein	7
éteindre	11
apprécier	3
membre	8
saisir	27
augmenter	7
parole	33
veuf	4
assembler	10
réjouir	5
tyran	18
mâle	3
paria	61
liberté	38
neuf	15
rarement	5
exceller	3
perpétuel	7
courageux	6
poison	12
causer	14
ridicule	22
changer	22
verdure	4
dégager	3
mois	19
pouce	3
fidèlement	3
excellent	11
henri	8
naître	49
débattre	3
joie	31
cadix	7
inscription	5
sentier	4
empereur	20
description	5
progrès	6
durée	4
terreur	14
banquier	4
sillonner	3
nouvelle	18
fade	4
borner	3
témoigner	4
écu	3
mettre	155
tremblement	7
avantage	14
impénétrable	4
choix	7
fesser	7
guères	7
lait	5
laid	9
jeune	57
rang	21
amener	15
jambe	15
propontide	3
estrade	5
sanguinaire	3
vertu	71
poids	16
souris	3
aisément	9
lampourdos	3
dévot	4
incapable	3
coin	14
philosophie	14
attester	5
flot	5
sérieux	9
constance	3
peine	68
coeur	140
sage	44
entasser	7
amiral	6
bain	3
vache	6
fontaine	9
proposer	16
ruine	17
habit	14
coloré	3
nécessaire	21
fantaisie	4
mur	4
accès	3
montagne	15
confusion	6
austère	3
coutume	10
frontière	3
jagrenat	18
canapé	5
levanti	6
prodigieux	12
réparation	4
confident	3
communion	4
vengeur	6
captiver	3
pangloss	98
excessif	6
louange	10
aisé	8
mentir	3
bramer	41
honorable	10
couper	19
réfugier	5
clin	3
vénitien	4
ceinture	3
copiste	3
mémoire	19
frein	6
action	20
aise	15
alarme	4
prévaloir	3
chasser	19
asseoir	27
tâcher	5
fête	7
vérité	114
manquer	27
camarade	4
rouler	6
allégorique	3
bande	4
autorité	9
tronckh	11
chaud	3
infortuné	21
humanité	42
gouvernement	29
bâtir	19
lampe	4
raisonnable	6
opération	8
festin	3
civil	14
portoient	8
langage	10
mériter	38
exister	9
connaitre	5
amateur	4
italien	10
admiration	8
japon	4
ruiner	8
entièrement	5
voisin	27
défense	3
rompre	9
flatteur	5
pâlir	7
rempart	5
familiariser	3
nu	16
nuance	3
miséricorde	3
séparer	14
marbre	14
doute	49
terrasse	3
élève	15
frippier	3
roi	137
retour	5
enfoncer	9
passage	12
couler	15
sourd	3
tillac	3
coucher	17
immobile	4
hospitalité	4
lever	37
ambassadeur	4
porc	3
disséquer	5
préférable	6
port	10
contrée	4
élémens	3
élément	5
contracter	3
dévoiler	5
égalité	8
répéter	15
convenir	13
lambeau	3
entier	23
subordonné	3
morale	23
satisfaire	15
interdire	7
ravage	3
remercier	12
pratique	5
pratiquer	5
respectueusement	3
commodité	6
modifier	3
mouvement	17
figure	21
soleil	49
timide	4
rubis	4
plonger	13
pompe	7
cesse	13
mélange	6
ensevelir	6
magasin	3
trouver	168
défaut	11
sonner	5
fange	4
courtisan	7
mendiant	4
empresser	5
au_delà	4
accourir	7
ensemble	26
vieillesse	4
afrique	7
accorder	11
individu	3
réponse	15
buste	6
apporter	22
profit	3
brisé	5
racheter	5
valeur	7
gémissement	5
tulipe	3
place	58
turc	13
droite	12
immortaliser	3
revue	4
hui	3
souriant	9
quantité	5
maigre	7
hideux	4
exprimer	13
quartier	22
tailler	6
république	4
perroquet	5
témérité	3
achevé	3
exécuter	11
prodigieusement	5
bateau	3
alternativement	3
réglement	3
ibaraa	3
crime	33
chemin	21
aisance	3
chirurgien	6
héroïsme	4
baisser	3
barbarie	3
pococurante	15
pandect	4
cheveu	9
encourager	3
périgourdin	11
ignorer	10
cordelier	7
jeter	51
instruit	10
casser	7
distribuer	6
despréaux	3
multiplier	12
sauvage	7
pot	4
mesurer	4
bizarre	15
poli	4
pesant	7
propriété	5
distinguer	13
ostentation	7
saison	5
geste	8
couronne	15
superflu	3
immortel	9
apôtre	3
paternel	4
félicité	8
grain	3
croiser	6
plaisant	5
voleur	8
commission	5
foyer	3
violent	9
enflammé	4
laurier	5
rose	10
dissoudre	6
menteur	3
gageure	3
résister	9
parfaire	6
curieux	20
delhi	3
accepter	8
profondeur	6
réussir	3
démontrer	5
table	42
peuple	125
porter	72
académique	4
unité	3
clameur	4
os	5
répliquer	13
communication	3
débris	11
égard	3
espagne	11
enfer	9
déclamation	4
envoyer	21
disposer	14
équité	10
matière	22
regard	41
cabinet	16
jus	3
épouvantable	16
rassasier	3
ennui	11
inoculation	3
gêner	7
cocotier	3
enseigner	20
oublier	22
discours	23
richesse	17
au_dessous	3
voirie	3
peser	10
emblême	3
endroit	5
musicien	3
périr	10
enchaîner	9
sergent	3
ten	11
louvre	5
invention	7
île	13
hasard	10
reine	3
pieux	4
suc	6
émotion	4
quelqu	7
importer	8
publiquement	7
multitude	17
tempête	9
voile	17
écouter	29
décoration	4
grâce	43
verre	3
poche	5
vivement	6
solitude	9
armoire	5
vertueux	23
prédécesseur	3
prochain	4
odeur	5
inquisition	6
ambitieux	7
cheminée	3
simplicité	5
allemagne	8
sagement	6
enfant	77
pont	9
vaisseau	51
imitation	4
cours	17
convenable	8
colère	6
philosophique	5
église	9
buenos	13
deuil	4
foulsapatte	3
barbe	3
culte	6
courber	5
profiter	6
mogol	5
étonner	28
dépositaire	6
avenue	6
style	9
susceptible	4
boue	5
manière	36
prodige	11
bout	26
gothique	5
intérieur	8
ressembler	16
biscayen	3
attentivement	8
empoisonner	6
vêtir	10
insensibilité	5
immobilité	3
gémir	10
rapide	7
regret	5
passer	103
défigurer	9
ingénieux	9
arracher	15
périodique	5
bouche	12
insulter	5
instruction	4
dispenser	4
consentement	4
réprimer	3
respirer	10
avide	6
travail	35
maison	52
pardonner	8
derviche	5
tâche	3
copie	4
applaudissement	6
amas	4
prestige	4
métaphysique	4
inébranlable	5
bâton	7
fond	32
banian	3
souhaiter	4
infiniment	7
acquérir	7
douzaine	3
persécuteur	3
sanglant	7
tourner	16
insensible	9
art	71
intelligence	15
contredire	7
matin	9
raconter	7
latin	5
brigandage	3
attention	16
légume	5
barrière	16
activité	5
roman	4
proie	5
scélérat	5
scène	14
village	17
surlendemain	3
denrée	4
duc	3
préférence	3
moine	11
dur	16
blanc	25
portée	5
châtiment	5
plante	11
détruire	20
commettre	26
obstacle	4
éloquence	7
cieux	7
sûrement	7
arriver	77
épargner	11
bourgeois	3
solide	8
marché	17
flanc	4
propos	14
bataille	9
vigilant	6
cabaret	11
prince	54
politesse	7
capricieux	3
difficile	12
guerrier	3
conspiration	3
assaut	3
cheval	20
inégalité	3
campagne	21
achmet	6
capitale	19
paroitre	3
flanquer	3
luxe	22
réveiller	7
diamant	27
cendre	18
faute	14
consolation	3
refuser	15
page	8
artifice	4
plaisir	64
anéantir	7
canal	6
adoration	3
question	37
ordonner	12
long	57
signifier	8
pommade	4
filer	7
assurément	9
jusqu_aux	7
ennuyeux	5
cruauté	6
tumulte	4
frangui	3
laquais	7
compagnie	12
interroger	8
inonder	4
coûter	10
impatient	3
pénible	4
discordans	3
garantir	3
tribunal	9
théâtre	21
célébrer	5
brutal	3
sensation	5
toile	6
abominable	7
accomplir	9
fanatique	6
esclavage	11
nuage	5
chose	94
submerger	3
habitant	21
hardi	7
poussière	6
effrayer	3
galer	10
habiller	7
fer	19
préjugé	17
croyance	3
brochure	3
incliner	4
hardiesse	3
matelot	8
persuader	8
patron	18
tas	3
tout_puissant	4
serviteur	3
asile	8
avancer	27
écorce	3
ordre	44
palanquin	8
dévorer	25
cardinal	6
retentir	6
comédie	6
oranger	3
ambition	9
souza	3
pistole	3
raisonnement	6
concorder	4
petitesse	5
sentiment	35
romain	5
moquer	5
semer	5
tyrannie	13
nuit	42
agrément	6
horace	3
conversation	14
manger	54
permettre	34
bouquet	3
homere	4
étendue	16
bois	23
précieux	22
vieillir	3
accent	3
résider	5
fruitier	3
institution	6
carrosse	7
carnaval	10
nombreux	11
sculpture	4
coquin	6
ramasser	10
obscurité	4
faux	19
ruisseau	5
roue	5
améliorer	3
combat	9
centre	8
orné	4
lutte	3
fier	11
proférer	4
dent	5
pipe	6
législation	8
loger	6
général	39
froid	22
révérend	14
nier	5
eau	21
corbeau	3
rendre	111
dédaigner	8
secours	20
compagnon	6
étude	4
mahomet	6
partie	36
partir	38
arrivée	5
agité	6
fouetter	4
violer	11
ronde	5
amer	3
détail	13
veiller	13
juger	31
respect	22
mauvais	36
énorme	9
reispoutes	3
intendant	3
naples	3
raisonner	20
dorure	3
scandaleux	3
cesser	10
obscurcir	4
riche	22
accabler	11
goûter	11
pied	78
disciple	6
grandeur	28
firmament	5
préparer	17
sauter	8
mère	39
métier	13
vénérable	10
remonter	7
crier	29
querelle	6
différence	7
penchant	3
usage	31
côtoyer	3
représenter	21
efféminé	3
généreux	18
domestique	13
empire	29
morceau	13
inventeur	4
ayres	13
épreuve	4
rare	14
complaisance	8
détourner	6
injuste	10
poète	23
humblement	3
champ	14
approuver	4
abîme	5
physicien	4
intention	3
benito	3
torche	3
volume	16
humain	71
chrétien	11
sincèrement	3
précéder	3
marier	10
airain	3
lieue	11
chocolat	5
aviser	3
décrire	4
fantôme	6
colosse	3
évanouir	5